N;Latitude;Longitude
1;9,996758;-83,785385
2;9,996705;-83,785368
3;9,996702;-83,785367
4;9,996738;-83,785405
5;9,996717;-83,785337
6;9,996703;-83,78538
7;9,996753;-83,78539
8;9,996742;-83,785312
9;9,996702;-83,78538
10;9,996705;-83,785367
11;9,996745;-83,785342
12;9,996708;-83,785425
13;9,996703;-83,78538
14;9,996742;-83,785418
15;9,996755;-83,785357
16;9,996698;-83,785427
17;9,996705;-83,785385
18;9,996742;-83,78539
19;9,996703;-83,785383
20;9,99676;-83,785382
21;9,996693;-83,785418
22;9,996708;-83,785363
23;9,996697;-83,785408
24;9,996712;-83,785387
25;9,996707;-83,785365
26;9,99671;-83,785393
27;9,996687;-83,785415
28;9,996727;-83,785375
29;9,996733;-83,785425
30;9,9967;-83,785412
31;9,996668;-83,785407
32;9,996717;-83,78533
33;9,996713;-83,785402
34;9,996695;-83,785418
35;9,996745;-83,785393
36;9,996717;-83,78538
37;9,99665;-83,785407
38;9,99674;-83,785397
39;9,99668;-83,785397
40;9,996748;-83,785315
41;9,996713;-83,785403
42;9,996767;-83,785407
43;9,996712;-83,78539
44;9,996703;-83,785397
45;9,996653;-83,785397
46;9,996715;-83,785365
47;9,996768;-83,785407
48;9,996718;-83,785403
49;9,996655;-83,785422
50;9,996748;-83,785343
51;9,996688;-83,785382
52;9,996753;-83,785403
53;9,99674;-83,785397
54;9,99673;-83,785382
55;9,996655;-83,785393
56;9,996692;-83,785398
57;9,996698;-83,785407
58;9,996718;-83,78542
59;9,996743;-83,785397
60;9,996777;-83,785407
61;9,996747;-83,785397
62;9,996657;-83,785422
63;9,996755;-83,785365
64;9,996723;-83,785402
65;9,996697;-83,785377
66;9,99678;-83,785398
67;9,996758;-83,785417
68;9,996625;-83,785373
69;9,996643;-83,785385
70;9,99674;-83,785387
71;9,996705;-83,785382
72;9,996703;-83,785415
73;9,99677;-83,785418
74;9,996745;-83,785403
75;9,996763;-83,785388
76;9,996742;-83,785388
77;9,996657;-83,78542
78;9,996722;-83,7854
79;9,996702;-83,78537
80;9,996773;-83,785452
81;9,99678;-83,785408
82;9,996637;-83,78538
83;9,996707;-83,785408
84;9,99664;-83,78538
85;9,996705;-83,785358
86;9,996703;-83,785385
87;9,99676;-83,785418
88;9,996755;-83,785467
89;9,996702;-83,785367
90;9,996717;-83,785402
91;9,99672;-83,785353
92;9,996653;-83,78541
93;9,996607;-83,785332
94;9,996743;-83,785402
95;9,996743;-83,785462
96;9,996757;-83,785412
97;9,996633;-83,785377
98;9,99671;-83,785385
99;9,99665;-83,785383
100;9,99672;-83,785422
101;9,99671;-83,785405
102;9,996758;-83,785452
103;9,996783;-83,785405
104;9,996703;-83,785405
105;9,99665;-83,785398
106;9,99661;-83,785335
107;9,996697;-83,785368
108;9,996743;-83,785395
109;9,996728;-83,785317
110;9,996768;-83,78541
111;9,996762;-83,785417
112;9,996635;-83,785375
113;9,996652;-83,785375
114;9,996627;-83,785355
115;9,9967;-83,785393
116;9,996735;-83,78538
117;9,996718;-83,785408
118;9,996757;-83,785422
119;9,996732;-83,785382
120;9,996702;-83,785403
121;9,996612;-83,785342
122;9,996743;-83,785317
123;9,996697;-83,785377
124;9,996648;-83,7854
125;9,996748;-83,785395
126;9,996778;-83,785397
127;9,996753;-83,785408
128;9,996692;-83,785412
129;9,996728;-83,785415
130;9,996705;-83,78536
131;9,996638;-83,785373
132;9,996653;-83,785377
133;9,996613;-83,785338
134;9,996778;-83,785403
135;9,996782;-83,785405
136;9,99673;-83,785403
137;9,996755;-83,785345
138;9,996648;-83,78541
139;9,996703;-83,785398
140;9,996705;-83,78542
141;9,99662;-83,785357
142;9,996767;-83,785427
143;9,996757;-83,785433
144;9,99665;-83,785375
145;9,996625;-83,785367
146;9,996725;-83,78542
147;9,9967;-83,785418
148;9,99673;-83,785417
149;9,996607;-83,78534
150;9,996778;-83,785458
151;9,996785;-83,785395
152;9,996755;-83,785373
153;9,996742;-83,785393
154;9,996628;-83,785377
155;9,996647;-83,785422
156;9,996703;-83,785423
157;9,996707;-83,785397
158;9,996753;-83,785465
159;9,996785;-83,785403
160;9,996718;-83,785372
161;9,996695;-83,785407
162;9,996623;-83,785368
163;9,996652;-83,785383
164;9,99673;-83,785415
165;9,99676;-83,785435
166;9,996742;-83,785457
167;9,996685;-83,785415
168;9,996707;-83,785397
169;9,996762;-83,785392
170;9,996647;-83,785425
171;9,996748;-83,785397
172;9,996625;-83,785373
173;9,99676;-83,78544
174;9,996782;-83,785393
175;9,996727;-83,785423
176;9,99663;-83,785368
177;9,996702;-83,785402
178;9,99672;-83,785368
179;9,996653;-83,785402
180;9,996753;-83,785403
181;9,99679;-83,785407
182;9,996705;-83,785395
183;9,996673;-83,785405
184;9,996732;-83,785395
185;9,99672;-83,78535
186;9,996648;-83,785425
187;9,996763;-83,785432
188;9,996727;-83,785378
189;9,996653;-83,785373
190;9,996657;-83,785412
191;9,996692;-83,785382
192;9,996728;-83,785415
193;9,996718;-83,785427
194;9,99679;-83,785397
195;9,996757;-83,785407
196;9,996702;-83,785392
197;9,996728;-83,785312
198;9,996675;-83,785403
199;9,996652;-83,785427
200;9,99674;-83,785392
201;9,9968;-83,785408
202;9,996775;-83,785412
203;9,996703;-83,785378
204;9,996705;-83,78539
205;9,996717;-83,785368
206;9,996677;-83,78538
207;9,99676;-83,785437
208;9,996762;-83,78543
209;9,996748;-83,785402
210;9,99674;-83,785327
211;9,99665;-83,785415
212;9,996698;-83,78539
213;9,99668;-83,78539
214;9,996775;-83,785467
215;9,996782;-83,785402
216;9,996693;-83,785385
217;9,996727;-83,78537
218;9,996703;-83,785383
219;9,99672;-83,785382
220;9,996748;-83,785468
221;9,996813;-83,78541
222;9,996758;-83,785352
223;9,996743;-83,785392
224;9,99669;-83,78538
225;9,9967;-83,785387
226;9,99675;-83,785453
227;9,996755;-83,785427
228;9,996737;-83,78541
229;9,996708;-83,785387
230;9,996703;-83,785387
231;9,99672;-83,785375
232;9,996778;-83,78541
233;9,99676;-83,78543
234;9,996698;-83,785372
235;9,996702;-83,785387
236;9,996732;-83,78539
237;9,996762;-83,785378
238;9,996753;-83,785402
239;9,99682;-83,785405
240;9,996717;-83,785388
241;9,996695;-83,785397
242;9,996722;-83,78537
243;9,996735;-83,78538
244;9,996752;-83,785417
245;9,996702;-83,785387
246;9,996705;-83,78537
247;9,996745;-83,785397
248;9,99675;-83,785383
249;9,996768;-83,785405
250;9,996785;-83,785413
251;9,9967;-83,785415
252;9,996738;-83,785385
253;9,996702;-83,785398
254;9,996832;-83,7854
255;9,996768;-83,785417
256;9,996695;-83,785367
257;9,99672;-83,785347
258;9,996743;-83,78539
259;9,996758;-83,785413
260;9,99677;-83,785443
261;9,9967;-83,78542
262;9,9967;-83,785415
263;9,996745;-83,785398
264;9,996765;-83,785472
265;9,996782;-83,785413
266;9,996737;-83,78539
267;9,996733;-83,785312
268;9,996693;-83,785372
269;9,996843;-83,785395
270;9,996715;-83,78537
271;9,9967;-83,785398
272;9,996765;-83,78541
273;9,996743;-83,785335
274;9,996697;-83,785377
275;9,996772;-83,785403
276;9,996738;-83,785385
277;9,99669;-83,785405
278;9,996757;-83,785357
279;9,996693;-83,785373
280;9,996748;-83,785388
281;9,996767;-83,78538
282;9,996713;-83,78537
283;9,996747;-83,785378
284;9,996727;-83,78539
285;9,996743;-83,785388
