FID	Ruta	Seccion	Sentido	Largo_m	Tipo_2022	Provincia
0	20101	29001	2	712,0084461	Asfalto	2_Alajuela
1	10107	19206	2	1363,550234	Asfalto	1_San Jose
2	10106	19205	2	1454,937178	Asfalto	1_San Jose
3	11512	19221	2	592,624246	Asfalto	1_San Jose
4	40713	49287	2	1597,3751	Asfalto	4_Heredia
5	10101	19200	2	2776,276883	Asfalto	1_San Jose
6	10102	19201	2	3987,705855	Asfalto	1_San Jose
7	10103	19202	2	4368,831998	Asfalto	1_San Jose
8	10104	19203	2	4642,943336	Asfalto	1_San Jose
9	10104	19776	2	1201,441312	Asfalto	1_San Jose
10	10105	19675	2	1874,45042	Asfalto	1_San Jose
11	10108	19207	2	2625,264991	Asfalto	1_San Jose
12	10109	19208	2	1561,549747	Asfalto	1_San Jose
13	10110	19209	2	2572,000778	Asfalto	1_San Jose
14	10111	19210	2	3421,847161	Asfalto	1_San Jose
15	10114	19213	2	1294,609319	Asfalto	1_San Jose
16	10116	19216	2	4212,584634	Asfalto	1_San Jose
17	10119	19219	2	1142,552742	Asfalto	1_San Jose
18	10120	19223	2	570,5929801	Asfalto	1_San Jose
19	10121	19224	2	685,2544873	Asfalto	1_San Jose
20	10202	19301	2	1260,47042	Asfalto	1_San Jose
21	10203	19302	2	1322,880212	Asfalto	1_San Jose
22	10301	19350	2	2595,68426	Asfalto	1_San Jose
23	10304	19353	2	2419,405626	Asfalto	1_San Jose
24	10802	19527	2	3200,076758	Asfalto	1_San Jose
25	10804	19531	2	865,8524135	Asfalto	1_San Jose
26	11001	19600	2	2883,206389	Asfalto	1_San Jose
27	11306	19681	2	946,8538596	Asfalto	1_San Jose
28	11401	19725	2	2443,852704	Asfalto	1_San Jose
29	11402	19526	2	1272,89695	Asfalto	1_San Jose
30	11501	19777	2	1241,274642	Asfalto	1_San Jose
31	11502	19778	2	1005,435868	Asfalto	1_San Jose
32	11504	19781	2	1071,262474	Asfalto	1_San Jose
33	11505	19782	2	2708,704829	Asfalto	1_San Jose
34	11506	19783	2	1002,71309	Asfalto	1_San Jose
35	11507	19784	2	519,4329593	Asfalto	1_San Jose
36	11508	19785	2	1453,152684	Asfalto	1_San Jose
37	11509	19786	2	1073,193039	Asfalto	1_San Jose
38	11510	19787	2	326,1585221	Asfalto	1_San Jose
39	11511	19788	2	1062,682766	Asfalto	1_San Jose
40	11513	19779	2	800,1206929	Asfalto	1_San Jose
41	11801	19875	2	1066,280884	Asfalto	1_San Jose
42	11802	19876	2	1840,52321	Asfalto	1_San Jose
43	11804	19878	2	2089,267858	Asfalto	1_San Jose
44	11805	19879	2	546,4584561	Asfalto	1_San Jose
45	11806	19880	2	368,6033475	Asfalto	1_San Jose
46	11807	19881	2	627,0804271	Asfalto	1_San Jose
47	21010	29360	2	865,482359	Asfalto	2_Alajuela
48	30101	39001	2	1642,555867	Asfalto	3_Cartago
49	30102	39002	2	2101,898085	Asfalto	3_Cartago
50	30103	39003	2	2188,533085	Asfalto	3_Cartago
51	30105	39250	2	1283,188209	Asfalto	3_Cartago
52	30105	39005	2	3864,551131	Asfalto	3_Cartago
53	30106	39006	2	1258,407957	Asfalto	3_Cartago
54	30107	39007	2	1369,709061	Asfalto	3_Cartago
55	30108	39008	2	1483,048796	Asfalto	3_Cartago
56	30201	39000	2	1703,6833	Asfalto	3_Cartago
57	30301	39125	2	623,5391772	Asfalto	3_Cartago
58	30302	39126	2	1087,551104	Asfalto	3_Cartago
59	30701	39225	2	720,7283157	Asfalto	3_Cartago
60	30702	39226	2	1223,648675	Asfalto	3_Cartago
61	30703	39227	2	1573,392408	Asfalto	3_Cartago
62	30801	39252	2	1143,562917	Asfalto	3_Cartago
63	40111	49011	2	593,1352849	Asfalto	4_Heredia
64	40112	49012	2	1030,150293	Asfalto	4_Heredia
65	40301	49150	2	2884,690566	Asfalto	4_Heredia
66	40711	49285	2	760,2478368	Asfalto	4_Heredia
67	40712	49286	2	1226,981982	Asfalto	4_Heredia
68	51002	59302	2	844,3880387	Asfalto	5_Guanacaste
69	61006	69280	2	515,8406079	Asfalto	6_Puntarenas
70	70201	89100	2	1225,585487	Asfalto	7_Limon
71	30104	39004	2	1087,032206	Asfalto	3_Cartago
72	10107	19206	2	110,8658951	Asfalto	1_San Jose
73	10104	19776	2	338,9439023	Asfalto	1_San Jose
74	10104	19776	2	83,23818831	Asfalto	1_San Jose
75	10104	19776	2	198,7591442	Asfalto	1_San Jose
76	10104	19776	2	98,81560897	Asfalto	1_San Jose
77	10117	19222	2	561,7670363	Asfalto	1_San Jose
78	10122	19225	2	520,6382485	Asfalto	1_San Jose
79	30108	39251	2	596,8123358	Asfalto	3_Cartago
80	30703	39105	2	1502,338208	Asfalto	3_Cartago
81	11807	19220	2	549,1062475	Asfalto	1_San Jose
82	11512	19789	2	105,8739931	Asfalto	1_San Jose
83	11506	19529	2	362,5386614	Asfalto	1_San Jose
84	10102	19775	2	617,1216912	Asfalto	1_San Jose
85	240	70400	2	7475,499526	Asfalto	7_Limon
86	158	50682	2	1985,900004	Asfalto	5_Guanacaste
87	604	60650	2	6095,499987	Asfalto	6_Puntarenas
88	247	70513	2	1807,500004	Lastre	7_Limon
89	145	50143	2	2804,999993	Lastre	5_Guanacaste
90	153	20250	2	1507,300081	Concreto	2_Alajuela
91	921	51040	2	1,600000132	Lastre	5_Guanacaste
92	925	50892	2	4474,89996	Lastre	5_Guanacaste
93	160	50591	2	2927,300064	Lastre	5_Guanacaste
94	902	50692	2	1295,200053	Asfalto	5_Guanacaste
95	920	50800	2	985,0000243	Asfalto	5_Guanacaste
96	414	30381	2	4687,000013	TS	3_Cartago
97	109	19068	2	762,1000308	Concreto	1_San Jose
98	167	19039	2	1382,957	Concreto	1_San Jose
99	810	70363	2	533,5566343	Asfalto	7_Limon
100	606	60710	2	695,5000209	Asfalto	6_Puntarenas
101	918	50381	2	6880,500049	Asfalto	5_Guanacaste
102	163	60921	2	471,700062	Lastre	6_Puntarenas
103	160	50460	2	2577,399957	Lastre	5_Guanacaste
104	751	20993	2	2782,7	Asfalto	2_Alajuela
105	624	60860	2	1166	Asfalto	6_Puntarenas
106	323	11000	2	8019,600007	Asfalto	1_San Jose
107	109	19068	2	196,5999768	Asfalto	1_San Jose
108	160	60871	2	407,5999927	TS	6_Puntarenas
109	211	19056	2	1474,400045	Concreto	1_San Jose
110	145	50143	2	1206,399977	Asfalto	5_Guanacaste
111	111	40120	2	454,8999797	Asfalto	4_Heredia
112	160	50591	2	7615,943417	Asfalto	5_Guanacaste
113	810	70363	2	2901,799971	Lastre	7_Limon
114	417	30761	2	509,2999478	Lastre	3_Cartago
115	902	51150	2	742,0000328	Asfalto	5_Guanacaste
116	625	60393	2	6803,600025	Lastre	6_Puntarenas
117	104	19024	2	1934,600009	Asfalto	1_San Jose
118	18	50850	2	1568,700681	Asfalto	5_Guanacaste
119	726	21283	2	1693,899959	Asfalto	2_Alajuela
120	624	60860	2	4682,999958	Lastre	6_Puntarenas
121	330	10840	2	4227,599949	Lastre	1_San Jose
122	1	50110	0	13026,8	Asfalto	5_Guanacaste
123	158	50682	2	6044,099937	Lastre	5_Guanacaste
124	330	10840	2	5477,000012	Asfalto	1_San Jose
125	105	19026	2	107,2537771	Asfalto	1_San Jose
126	902	50692	2	6674,699985	Lastre	5_Guanacaste
127	902	51150	2	110,6999656	Concreto	5_Guanacaste
128	610	60972	2	9347,599979	Lastre	6_Puntarenas
129	1	50040	1	1493,5	Concreto	5_Guanacaste
130	160	60871	2	5583,40002	Asfalto	6_Puntarenas
131	912	50451	2	5125,69999	Lastre	5_Guanacaste
132	247	70514	2	7028,899991	Lastre	7_Limon
133	145	50143	2	3169,500027	Lastre	5_Guanacaste
134	726	21282	2	2206,200029	Asfalto	2_Alajuela
135	925	50892	2	301,6000756	Asfalto	5_Guanacaste
136	104	19024	2	106,9999866	Asfalto	1_San Jose
137	1	50040	1	4,4	Asfalto	5_Guanacaste
138	18	50850	2	19377,69933	Concreto	5_Guanacaste
139	606	60710	2	2258,700041	Lastre	6_Puntarenas
140	920	50800	2	10627,70002	Lastre	5_Guanacaste
141	417	30761	2	3831,899963	Asfalto	3_Cartago
142	102	19019	2	437,3999691	Asfalto	1_San Jose
143	2	30730	0	178,8000469	Asfalto	3_Cartago
144	906	50771	2	5243,499991	Asfalto	5_Guanacaste
145	752	21141	2	777,1	Asfalto	2_Alajuela
146	749	21380	2	3048,700019	Asfalto	2_Alajuela
147	918	50381	2	7056,699939	Lastre	5_Guanacaste
148	319	10812	2	14583,8	Lastre	1_San Jose
149	102	19019	2	1081,800059	Asfalto	1_San Jose
150	2	30730	0	927,1000151	Concreto	3_Cartago
151	917	50352	2	3999,699945	Lastre	5_Guanacaste
152	1	50110	1	1485,5	Concreto	5_Guanacaste
153	907	50750	2	12321,6	Lastre	5_Guanacaste
154	240	70400	2	247,3999895	Concreto	7_Limon
155	726	21281	2	1680,858807	Asfalto	2_Alajuela
156	921	51040	2	5,100029928	Asfalto	5_Guanacaste
157	907	50750	2	1085,668187	Asfalto	5_Guanacaste
158	111	40120	2	4176,299897	Concreto	4_Heredia
159	906	50771	2	1776,699957	Lastre	5_Guanacaste
160	408	30361	2	2482,500085	Lastre	3_Cartago
161	109	19068	2	390,6557377	Asfalto	1_San Jose
162	323	11000	2	3217,873399	Lastre	1_San Jose
163	104	19024	2	735,8000217	Concreto	1_San Jose
164	2	30730	0	2152,499935	Asfalto	3_Cartago
165	158	50682	2	3429,700036	Lastre	5_Guanacaste
166	926	50204	2	8187,900014	Lastre	5_Guanacaste
167	752	21141	2	5276,87572	Lastre	2_Alajuela
168	1	50110	0	1494,3	Concreto	5_Guanacaste
169	160	50460	2	6296,600004	Asfalto	5_Guanacaste
170	167	19039	2	1096,91	Asfalto	1_San Jose
171	902	51150	2	11210,20004	Lastre	5_Guanacaste
172	749	21380	2	9183,099992	Lastre	2_Alajuela
173	624	60860	2	803,000016	Asfalto	6_Puntarenas
174	1	50040	0	29209	Asfalto	5_Guanacaste
175	247	70513	2	14141,79996	Asfalto	7_Limon
176	921	51040	2	11359,50002	Lastre	5_Guanacaste
177	414	30381	2	4302,200055	Lastre	3_Cartago
178	211	19056	2	1332,500036	Asfalto	1_San Jose
179	153	20250	2	186,8999588	Asfalto	2_Alajuela
180	931	50820	2	946,7540746	Lastre	5_Guanacaste
181	313	11320	2	915,7000111	Asfalto	1_San Jose
182	145	50871	2	14520,29992	Asfalto	5_Guanacaste
183	926	50204	2	1509,299995	Asfalto	5_Guanacaste
184	912	50451	2	734,9000061	Asfalto	5_Guanacaste
185	145	50871	2	1901,800024	Lastre	5_Guanacaste
186	408	30361	2	1640,099965	Asfalto	3_Cartago
187	105	19026	2	577,7000548	Asfalto	1_San Jose
188	751	20993	2	4941	Lastre	2_Alajuela
189	625	60393	2	1663,401042	Asfalto	6_Puntarenas
190	921	51040	2	1061,299951	Asfalto	5_Guanacaste
191	319	10812	2	1107,799943	Asfalto	1_San Jose
192	111	40120	2	175,1000839	Asfalto	4_Heredia
193	917	50352	2	3663,299989	Asfalto	5_Guanacaste
194	931	50820	2	2728,90002	Asfalto	5_Guanacaste
195	1	50040	0	1479,1	Concreto	5_Guanacaste
196	604	60650	2	1253,599945	Lastre	6_Puntarenas
197	102	19019	2	222,4000211	Concreto	1_San Jose
198	105	19026	2	653,2000662	Concreto	1_San Jose
199	163	60921	2	5002,499972	Asfalto	6_Puntarenas
200	313	11320	2	5321,219836	Lastre	1_San Jose
201	10	30002	0	20107,35712	Asfalto	3_Cartago
202	10	30061	0	1524,524619	Concreto	3_Cartago
203	10	30062	0	2095,443617	Asfalto	3_Cartago
204	10	30040	0	2973,019725	Asfalto	3_Cartago
205	10	30021	0	3316,209115	Asfalto	3_Cartago
206	10	30022	0	9679,510771	Asfalto	3_Cartago
207	10	30471	0	5212,281204	Asfalto	3_Cartago
208	10	30472	0	4240,727762	Asfalto	3_Cartago
209	10	30010	0	7434,975693	Asfalto	3_Cartago
210	10	30480	0	7057,955413	Asfalto	3_Cartago
211	10	30001	0	6356,313436	Asfalto	3_Cartago
212	10	70420	0	20002,94396	Asfalto	7_Limon
213	10	30061	1	1518,757068	Concreto	3_Cartago
214	100	19017	2	1656,118146	Asfalto	1_San Jose
215	100	19016	2	1136,783609	Asfalto	1_San Jose
216	100	19015	2	340,0208008	Asfalto	1_San Jose
217	101	19074	2	1388,81518	Asfalto	1_San Jose
218	101	19018	2	1991,325255	Asfalto	1_San Jose
219	101	19073	2	885,8602471	Asfalto	1_San Jose
220	102	10390	2	2917,552268	Asfalto	1_San Jose
221	102	19020	2	775,2309379	Asfalto	1_San Jose
222	102	19021	2	893,6935123	Asfalto	1_San Jose
223	102	19022	2	1786,597792	Asfalto	1_San Jose
224	103	40112	2	2162,283071	Asfalto	4_Heredia
225	103	40111	2	1542,811127	Asfalto	4_Heredia
226	104	19025	2	4111,541494	Asfalto	1_San Jose
227	104	19023	2	1491,733003	Asfalto	1_San Jose
228	105	19029	2	1334,264437	Asfalto	1_San Jose
229	105	19027	2	2049,140769	Asfalto	1_San Jose
230	105	10310	2	1801,359238	Asfalto	1_San Jose
231	105	10300	2	1786,075488	TS	1_San Jose
232	105	11141	2	1663,407702	TS	1_San Jose
233	105	11142	2	2237,784874	Asfalto	1_San Jose
234	105	19028	2	1065,466096	Asfalto	1_San Jose
235	105	19072	2	379,9079745	Asfalto	1_San Jose
236	106	40032	2	3383,617227	Asfalto	4_Heredia
237	106	40031	2	2492,658564	Asfalto	4_Heredia
238	107	20401	2	5128,778811	TS	2_Alajuela
239	107	20380	2	6746,753303	Asfalto	2_Alajuela
240	107	20390	2	6748,76505	Asfalto	2_Alajuela
241	107	20402	2	3382,426637	TS	2_Alajuela
242	108	19038	2	3042,709129	Asfalto	1_San Jose
243	108	19030	2	1617,22246	Asfalto	1_San Jose
244	108	19128	2	473,4619226	Concreto	1_San Jose
245	108	19037	2	351,3976047	Asfalto	1_San Jose
246	108	19129	2	511,5839863	Asfalto	1_San Jose
247	109	19031	2	846,4442878	Asfalto	1_San Jose
248	109	19032	2	1104,95277	Asfalto	1_San Jose
249	110	19034	2	2540,251689	Asfalto	1_San Jose
250	110	19071	2	890,6890336	Asfalto	1_San Jose
251	111	40140	2	2295,89821	Asfalto	4_Heredia
252	111	40130	2	2729,558286	Asfalto	4_Heredia
253	111	20200	2	1932,380494	Asfalto	2_Alajuela
254	112	40560	2	3913,234033	Asfalto	4_Heredia
255	112	40610	2	414,7328812	Asfalto	4_Heredia
256	112	40151	2	1504,85194	Asfalto	4_Heredia
257	112	40152	2	2677,767943	Asfalto	4_Heredia
258	112	40160	2	3242,56426	Asfalto	4_Heredia
259	113	40720	2	4804,563415	Asfalto	4_Heredia
260	113	40180	2	1188,102413	Asfalto	4_Heredia
261	113	40660	2	2052,481821	Asfalto	4_Heredia
262	113	40190	2	4195,869292	Asfalto	4_Heredia
263	113	40200	2	1923,971651	TS	4_Heredia
264	114	40690	2	2015,39513	Asfalto	4_Heredia
265	114	40210	2	3572,923723	Asfalto	4_Heredia
266	114	40220	2	4662,204015	Asfalto	4_Heredia
267	114	40410	2	3595,295	TS	4_Heredia
268	114	40400	2	1841,820996	Asfalto	4_Heredia
269	115	40230	2	1375,194631	Asfalto	4_Heredia
270	116	40170	2	6141,5474	Asfalto	4_Heredia
271	116	40251	2	3673,391742	Asfalto	4_Heredia
272	116	40252	2	2330,677264	Asfalto	4_Heredia
273	116	40261	2	2122,949452	Asfalto	4_Heredia
274	116	40262	2	604,8616524	Asfalto	4_Heredia
275	117	40430	2	2088,005908	Asfalto	4_Heredia
276	117	19035	2	1555,771386	Asfalto	1_San Jose
277	117	40420	2	906,2938082	Asfalto	4_Heredia
278	118	21630	2	5307,123742	Asfalto	2_Alajuela
279	118	20150	2	4612,578678	Asfalto	2_Alajuela
280	118	21620	2	3108,136268	Asfalto	2_Alajuela
281	118	20160	2	8341,068425	Asfalto	2_Alajuela
282	118	20170	2	4336,434505	Asfalto	2_Alajuela
283	118	20180	2	3186,491278	Asfalto	2_Alajuela
284	119	40630	2	2348,561974	Asfalto	4_Heredia
285	119	21720	2	426,2342739	Asfalto	2_Alajuela
286	119	40350	2	2648,204154	TS	4_Heredia
287	119	40620	2	1523,976717	Asfalto	4_Heredia
288	120	20560	2	9014,45955	Asfalto	2_Alajuela
289	120	40640	2	649,2928725	Asfalto	4_Heredia
290	120	20550	2	5976,732537	Asfalto	2_Alajuela
291	121	10530	2	2241,82292	Asfalto	1_San Jose
292	121	10460	2	3398,189779	Asfalto	1_San Jose
293	121	10520	2	4058,213193	Asfalto	1_San Jose
294	121	10470	2	3192,996524	Asfalto	1_San Jose
295	121	10480	2	1688,6935	Asfalto	1_San Jose
296	122	20290	2	3731,202737	Asfalto	2_Alajuela
297	122	20282	2	1630,532008	Asfalto	2_Alajuela
298	122	20281	2	1928,709809	Asfalto	2_Alajuela
299	122	40370	2	1151,778731	Asfalto	4_Heredia
300	123	20310	2	4647,997987	Asfalto	2_Alajuela
301	123	40300	2	2565,414483	TS	4_Heredia
302	123	40590	2	2273,674755	TS	4_Heredia
303	123	40310	2	1962,018777	Asfalto	4_Heredia
304	124	20264	2	3735,602433	Asfalto	2_Alajuela
305	124	20261	2	2664,806387	Asfalto	2_Alajuela
306	124	20262	2	4564,989863	Asfalto	2_Alajuela
307	124	20263	2	2445,962672	Asfalto	2_Alajuela
308	125	20322	2	7991,028487	Asfalto	2_Alajuela
309	125	20321	2	2600,10756	Asfalto	2_Alajuela
310	126	40482	2	7112,188268	Asfalto	4_Heredia
311	126	40070	2	2403,798598	Asfalto	4_Heredia
312	126	40080	2	4914,802264	Asfalto	4_Heredia
313	126	40090	2	6292,808439	Asfalto	4_Heredia
314	126	20340	2	10082,40418	Asfalto	2_Alajuela
315	126	40600	2	2998,164314	Asfalto	4_Heredia
316	126	40100	2	8426,633892	Asfalto	4_Heredia
317	126	20580	2	10603,59039	Asfalto	2_Alajuela
318	126	20590	2	8047,911774	TS	2_Alajuela
319	126	21800	2	7786,765267	Asfalto	2_Alajuela
320	126	40481	2	4202,645315	Asfalto	4_Heredia
321	127	40321	2	3069,48538	Asfalto	4_Heredia
322	127	40322	2	1987,176953	Asfalto	4_Heredia
323	128	40340	2	3705,753306	Asfalto	4_Heredia
324	128	40330	2	2073,342245	Asfalto	4_Heredia
325	129	40700	2	3287,284675	Asfalto	4_Heredia
326	129	40360	2	1848,293853	Asfalto	4_Heredia
327	130	20360	2	3073,38499	TS	2_Alajuela
328	130	20351	2	3022,096934	Asfalto	2_Alajuela
329	130	20352	2	5161,445644	Asfalto	2_Alajuela
330	130	20370	2	3690,467139	Asfalto	2_Alajuela
331	130	21710	2	2241,476933	TS	2_Alajuela
332	131	20120	2	11773,88734	TS	2_Alajuela
333	131	60560	2	8254,152992	Asfalto	6_Puntarenas
334	132	60730	2	12148,45788	Asfalto	6_Puntarenas
335	133	50860	2	4872,345288	Asfalto	5_Guanacaste
336	135	20510	2	6087,619226	Asfalto	2_Alajuela
337	135	20241	2	1533,944949	Asfalto	2_Alajuela
338	135	20242	2	3716,79502	TS	2_Alajuela
339	135	20811	2	1618,469081	Asfalto	2_Alajuela
340	135	20812	2	1405,437353	Asfalto	2_Alajuela
341	135	20501	2	1632,378709	Asfalto	2_Alajuela
342	135	20502	2	2948,146699	Asfalto	2_Alajuela
343	135	20520	2	3204,957671	Asfalto	2_Alajuela
344	136	10740	2	9043,94032	Asfalto	1_San Jose
345	136	20450	2	4039,220846	Asfalto	2_Alajuela
346	136	20460	2	2598,342538	TS	2_Alajuela
347	136	21320	2	4250,686574	Asfalto	2_Alajuela
348	136	11250	2	8459,776378	TS	1_San Jose
349	137	10171	2	9994,671127	Asfalto	1_San Jose
350	137	10821	2	10629,17589	Asfalto	1_San Jose
351	137	10822	2	4676,293635	Asfalto	1_San Jose
352	137	11230	2	5517,914107	TS	1_San Jose
353	137	10160	2	2811,113821	Asfalto	1_San Jose
354	137	10172	2	3959,971148	Asfalto	1_San Jose
355	137	21290	2	3780,038736	Asfalto	2_Alajuela
356	138	21611	2	11235,23917	Lastre	2_Alajuela
357	138	21170	2	9393,88804	Lastre	2_Alajuela
358	138	21601	2	3997,97072	Lastre	2_Alajuela
359	138	21602	2	11004,53206	Lastre	2_Alajuela
360	138	21612	2	7376,10184	Lastre	2_Alajuela
361	139	21200	2	17350,6369	Lastre	2_Alajuela
362	139	21810	2	4281,372289	Lastre	2_Alajuela
363	14	60251	2	17663,95107	TS	6_Puntarenas
364	14	60252	2	8106,804738	Asfalto	6_Puntarenas
365	140	21560	2	6980,560119	Asfalto	2_Alajuela
366	140	20661	2	10890,47232	Asfalto	2_Alajuela
367	140	20662	2	3940,494262	Asfalto	2_Alajuela
368	140	20931	2	10655,30668	Asfalto	2_Alajuela
369	140	20932	2	3626,040679	Asfalto	2_Alajuela
370	140	21570	2	1910,147892	Asfalto	2_Alajuela
371	141	20980	2	18812,40514	Asfalto	2_Alajuela
372	141	20440	2	2075,885621	Asfalto	2_Alajuela
373	141	20190	2	2376,30965	Asfalto	2_Alajuela
374	141	20600	2	15437,76227	Asfalto	2_Alajuela
375	141	20610	2	11193,86341	Asfalto	2_Alajuela
376	141	20620	2	10237,71652	Asfalto	2_Alajuela
377	141	21550	2	7787,680441	Asfalto	2_Alajuela
378	141	20630	2	9590,943021	Asfalto	2_Alajuela
379	141	20681	2	4829,895698	Asfalto	2_Alajuela
380	141	20682	2	4109,340711	Asfalto	2_Alajuela
381	142	21342	2	11725,08115	Asfalto	2_Alajuela
382	142	50150	2	12350,57821	Asfalto	5_Guanacaste
383	142	50310	2	9613,108057	Asfalto	5_Guanacaste
384	142	50191	2	4160,186105	TS	5_Guanacaste
385	142	50192	2	9014,060412	TS	5_Guanacaste
386	142	50193	2	15164,24207	TS	5_Guanacaste
387	142	50941	2	9764,733127	Asfalto	5_Guanacaste
388	142	50942	2	13899,506	Asfalto	5_Guanacaste
389	142	21341	2	9899,470389	Asfalto	2_Alajuela
390	142	21490	2	9712,339315	Asfalto	2_Alajuela
391	143	21162	2	6084,299771	Lastre	2_Alajuela
392	143	50930	2	2727,753308	Lastre	5_Guanacaste
393	143	21161	2	7699,797142	Lastre	2_Alajuela
394	143	21163	2	1590,719565	Asfalto	2_Alajuela
395	144	60630	2	7298,385488	Asfalto	6_Puntarenas
396	145	50141	2	6471,281819	Asfalto	5_Guanacaste
397	145	50142	2	9570,702302	TS	5_Guanacaste
398	145	50872	2	7342,981571	TS	5_Guanacaste
399	146	20540	2	10989,81997	TS	2_Alajuela
400	146	21640	2	3876,017881	TS	2_Alajuela
401	147	10450	2	2487,878953	Asfalto	1_San Jose
402	147	10440	2	1220,093466	Asfalto	1_San Jose
403	147	21330	2	1456,235404	Asfalto	2_Alajuela
404	148	20800	2	6709,565322	Asfalto	2_Alajuela
405	150	50652	2	18580,40487	TS	5_Guanacaste
406	150	51050	2	7848,102885	Lastre	5_Guanacaste
407	150	50470	2	2164,340859	Lastre	5_Guanacaste
408	150	50782	2	10667,57656	Asfalto	5_Guanacaste
409	150	50781	2	4217,291205	Asfalto	5_Guanacaste
410	150	50171	2	1814,932434	Asfalto	5_Guanacaste
411	150	50172	2	1885,979816	Asfalto	5_Guanacaste
412	150	50651	2	14668,80449	TS	5_Guanacaste
413	151	50211	2	7365,502026	Asfalto	5_Guanacaste
414	151	50212	2	7269,317712	Asfalto	5_Guanacaste
415	152	50261	2	13755,3717	Asfalto	5_Guanacaste
416	152	50262	2	4776,130101	TS	5_Guanacaste
417	154	20422	2	7063,393355	Asfalto	2_Alajuela
418	154	20421	2	1973,765115	Asfalto	2_Alajuela
419	155	50540	2	8088,579304	Asfalto	5_Guanacaste
420	155	50480	2	10768,74876	Asfalto	5_Guanacaste
421	155	50511	2	8203,84594	Asfalto	5_Guanacaste
422	155	50512	2	5701,772739	Asfalto	5_Guanacaste
423	156	21450	2	632,4514765	Asfalto	2_Alajuela
424	157	50220	2	8929,143347	Asfalto	5_Guanacaste
425	158	50683	2	17041,82178	Asfalto	5_Guanacaste
426	158	50660	2	6145,022623	Asfalto	5_Guanacaste
427	158	50681	2	4424,403164	TS	5_Guanacaste
428	159	50431	2	7910,31367	TS	5_Guanacaste
429	159	50432	2	2957,869483	TS	5_Guanacaste
430	160	60790	2	15459,42196	Lastre	6_Puntarenas
431	160	50230	2	15913,23776	Asfalto	5_Guanacaste
432	160	60800	2	8647,884371	Asfalto	6_Puntarenas
433	160	60811	2	9654,566801	TS	6_Puntarenas
434	160	60812	2	11848,69906	TS	6_Puntarenas
435	160	60813	2	11667,94652	TS	6_Puntarenas
436	160	60872	2	5914,468955	Lastre	6_Puntarenas
437	160	60873	2	6465,020494	Lastre	6_Puntarenas
438	160	60874	2	3399,83273	Lastre	6_Puntarenas
439	160	50610	2	12694,44433	Lastre	5_Guanacaste
440	160	50621	2	18687,77691	Lastre	5_Guanacaste
441	160	50622	2	6467,127434	Lastre	5_Guanacaste
442	160	50623	2	6346,85376	Lastre	5_Guanacaste
443	160	50600	2	4775,733469	Asfalto	5_Guanacaste
444	160	50592	2	15450,56307	Lastre	5_Guanacaste
445	160	50580	2	4171,286296	Lastre	5_Guanacaste
446	160	50573	2	11231,59641	Lastre	5_Guanacaste
447	160	50572	2	7879,378555	Lastre	5_Guanacaste
448	160	50571	2	17563,73242	Lastre	5_Guanacaste
449	160	50560	2	8711,921678	TS	5_Guanacaste
450	161	51000	2	5079,354871	TS	5_Guanacaste
451	163	50720	2	11521,12891	Lastre	5_Guanacaste
452	163	60922	2	14239,37538	Lastre	6_Puntarenas
453	163	50710	2	4377,015377	Lastre	5_Guanacaste
454	164	21232	2	13064,96999	Lastre	2_Alajuela
455	164	50391	2	14847,72728	Asfalto	5_Guanacaste
456	164	50392	2	9433,058544	TS	5_Guanacaste
457	164	50400	2	6449,818136	TS	5_Guanacaste
458	164	21231	2	10336,31618	Asfalto	2_Alajuela
459	164	21234	2	6683,208926	Lastre	2_Alajuela
460	164	21233	2	5074,23285	Lastre	2_Alajuela
461	165	50912	2	7458,242826	Asfalto	5_Guanacaste
462	165	50911	2	6683,267931	TS	5_Guanacaste
463	167	19125	2	1096,918186	Asfalto	1_San Jose
464	167	19082	2	838,5686177	Asfalto	1_San Jose
465	168	61000	2	3811,597622	Asfalto	6_Puntarenas
466	169	20330	2	3348,971946	TS	2_Alajuela
467	169	21740	2	2276,631532	TS	2_Alajuela
468	17	60622	2	4658,318586	Asfalto	6_Puntarenas
469	17	60190	2	4613,55122	Asfalto	6_Puntarenas
470	17	60621	2	3737,207269	Asfalto	6_Puntarenas
471	17	60623	2	3787,157126	TS	6_Puntarenas
472	171	40490	2	3885,539849	Asfalto	4_Heredia
473	174	19115	2	1346,404818	TS	1_San Jose
474	177	19124	2	1740,489754	Asfalto	1_San Jose
475	177	19121	2	788,4417076	Asfalto	1_San Jose
476	177	19122	2	1197,751467	Asfalto	1_San Jose
477	177	19130	2	531,8761411	Asfalto	1_San Jose
478	177	19123	2	841,897858	Asfalto	1_San Jose
479	18	50742	2	14077,59873	Asfalto	5_Guanacaste
480	18	51110	2	7616,140276	Asfalto	5_Guanacaste
481	18	50741	2	6577,515791	Asfalto	5_Guanacaste
482	180	50522	2	5857,65425	Asfalto	5_Guanacaste
483	180	50521	2	5558,101176	TS	5_Guanacaste
484	236	30052	2	1874,72174	Asfalto	3_Cartago
485	236	30051	2	1746,982854	Asfalto	3_Cartago
486	236	30180	2	503,1654276	Asfalto	3_Cartago
487	235	60461	2	4052,909042	Asfalto	6_Puntarenas
488	235	60462	2	3070,626332	Asfalto	6_Puntarenas
489	234	70230	2	9698,058714	Asfalto	7_Limon
490	233	30610	2	1675,065323	Asfalto	3_Cartago
491	233	30260	2	746,6239752	Asfalto	3_Cartago
492	232	30130	2	5780,054987	TS	3_Cartago
493	231	30290	2	4978,559783	Asfalto	3_Cartago
494	230	30652	2	10556,89043	TS	3_Cartago
495	230	30230	2	7649,065237	Asfalto	3_Cartago
496	230	30640	2	3128,50011	Asfalto	3_Cartago
497	230	30220	2	4477,542217	TS	3_Cartago
498	230	30210	2	4845,344829	TS	3_Cartago
499	230	30651	2	5932,642174	TS	3_Cartago
500	230	30653	2	2808,101755	Asfalto	3_Cartago
501	23	60840	2	6450,949356	Asfalto	6_Puntarenas
502	23	60610	2	6101,701303	Asfalto	6_Puntarenas
503	229	40571	2	14561,94114	Asfalto	4_Heredia
504	229	40572	2	6105,787306	TS	4_Heredia
505	228	30551	2	9184,436469	Asfalto	3_Cartago
506	228	30310	2	1740,80851	Asfalto	3_Cartago
507	228	30320	2	2997,490737	Asfalto	3_Cartago
508	228	30540	2	4165,46444	Asfalto	3_Cartago
509	228	30660	2	1769,757735	TS	3_Cartago
510	228	30670	2	1898,124981	TS	3_Cartago
511	228	30552	2	4609,723692	Asfalto	3_Cartago
512	227	21192	2	10830,81109	Lastre	2_Alajuela
513	227	21191	2	17008,32444	Lastre	2_Alajuela
514	227	21193	2	8518,828455	Lastre	2_Alajuela
515	226	10152	2	15288,12262	Asfalto	1_San Jose
516	226	10130	2	15447,44685	Asfalto	1_San Jose
517	226	10141	2	3806,22525	Asfalto	1_San Jose
518	226	10142	2	2556,148044	Asfalto	1_San Jose
519	226	10151	2	1254,657219	Asfalto	1_San Jose
520	226	11280	2	1672,253838	TS	1_San Jose
521	226	11270	2	523,6217391	Asfalto	1_San Jose
522	225	30143	2	4244,067147	TS	3_Cartago
523	225	30151	2	3945,802881	TS	3_Cartago
524	225	30152	2	5374,946781	TS	3_Cartago
525	225	30141	2	5926,097929	TS	3_Cartago
526	225	30142	2	7831,600052	TS	3_Cartago
527	225	30580	2	4212,22623	TS	3_Cartago
528	224	30162	2	5400,106847	Asfalto	3_Cartago
529	224	30440	2	4445,291746	Asfalto	3_Cartago
530	224	30620	2	998,6527495	Asfalto	3_Cartago
531	224	30450	2	5931,773959	Asfalto	3_Cartago
532	224	30461	2	1116,322738	TS	3_Cartago
533	224	30462	2	8542,587213	Asfalto	3_Cartago
534	224	30463	2	1429,289267	TS	3_Cartago
535	224	30161	2	3570,848168	TS	3_Cartago
536	223	60402	2	8172,32933	Asfalto	6_Puntarenas
537	223	60401	2	7209,578124	Asfalto	6_Puntarenas
538	222	10182	2	10119,6704	Asfalto	1_San Jose
539	222	10190	2	4433,59783	Asfalto	1_San Jose
540	222	11130	2	3402,038301	TS	1_San Jose
541	222	30080	2	4937,49562	Asfalto	3_Cartago
542	222	10181	2	3787,686162	Asfalto	1_San Jose
543	221	10320	2	4291,206992	Asfalto	1_San Jose
544	221	30340	2	3649,446484	Asfalto	3_Cartago
545	220	40270	2	2859,578985	Asfalto	4_Heredia
546	220	10400	2	2956,19838	Asfalto	1_San Jose
547	220	40020	2	1576,948568	TS	4_Heredia
548	22	10870	2	2243,520481	Asfalto	1_San Jose
549	22	10760	2	1733,792804	Asfalto	1_San Jose
550	219	30250	2	12668,53854	Asfalto	3_Cartago
551	219	30240	2	4076,230539	Asfalto	3_Cartago
552	219	30491	2	4424,703631	Asfalto	3_Cartago
553	219	30492	2	4766,121199	Asfalto	3_Cartago
554	219	30500	2	4976,799246	Asfalto	3_Cartago
555	219	30510	2	1538,897483	Asfalto	3_Cartago
556	218	30280	2	7515,804637	Asfalto	3_Cartago
557	218	19063	2	1173,193355	Asfalto	1_San Jose
558	218	19064	2	2297,67821	Asfalto	1_San Jose
559	218	19065	2	3608,937151	Concreto	1_San Jose
560	218	10341	2	3301,406708	Asfalto	1_San Jose
561	218	10342	2	7843,134744	Asfalto	1_San Jose
562	218	10350	2	2980,036204	TS	1_San Jose
563	218	30270	2	3748,532849	TS	3_Cartago
564	217	11310	2	2942,674872	TS	1_San Jose
565	217	10220	2	3282,214861	Asfalto	1_San Jose
566	217	11300	2	1187,435207	Asfalto	1_San Jose
567	216	10380	2	4212,833785	Asfalto	1_San Jose
568	216	10360	2	1832,616565	Asfalto	1_San Jose
569	216	10371	2	2710,324153	Asfalto	1_San Jose
570	216	10372	2	3990,94668	Asfalto	1_San Jose
571	215	19079	1	1234,227202	Asfalto	1_San Jose
572	215	19062	0	2486,120804	Asfalto	1_San Jose
573	215	19126	0	435,3874016	Asfalto	1_San Jose
574	215	19127	0	983,3332763	Asfalto	1_San Jose
575	215	19061	0	1667,801905	Asfalto	1_San Jose
576	215	19069	0	1044,148594	Asfalto	1_San Jose
577	214	19060	2	2096,483861	Asfalto	1_San Jose
578	214	19059	2	3118,214169	Asfalto	1_San Jose
579	214	19058	2	1511,646798	Asfalto	1_San Jose
580	213	19057	2	2144,899996	Asfalto	1_San Jose
581	213	19083	2	1229,430624	Asfalto	1_San Jose
582	212	10271	2	2502,810934	Asfalto	1_San Jose
583	212	10272	2	2146,431303	TS	1_San Jose
584	211	19084	2	262,2657939	Concreto	1_San Jose
585	210	19054	2	2113,875316	Asfalto	1_San Jose
586	210	19055	2	1864,907111	Asfalto	1_San Jose
587	21	60762	2	10499,31426	Asfalto	6_Puntarenas
588	21	50081	2	9993,628169	Asfalto	5_Guanacaste
589	21	50082	2	8218,374525	Asfalto	5_Guanacaste
590	21	50091	2	14423,9334	Asfalto	5_Guanacaste
591	21	50092	2	5530,246395	Asfalto	5_Guanacaste
592	21	50093	2	6583,206268	Asfalto	5_Guanacaste
593	21	50100	2	10091,75893	Asfalto	5_Guanacaste
594	21	50120	2	9999,72146	Asfalto	5_Guanacaste
595	21	50131	2	11483,28075	Asfalto	5_Guanacaste
596	21	50132	2	12677,73809	Asfalto	5_Guanacaste
597	21	50160	2	12483,60346	Asfalto	5_Guanacaste
598	21	50270	2	2476,212813	Asfalto	5_Guanacaste
599	21	50731	2	8653,048509	TS	5_Guanacaste
600	21	50732	2	4445,021478	TS	5_Guanacaste
601	21	60761	2	8940,549126	Asfalto	6_Puntarenas
602	21	60780	2	9010,736736	TS	6_Puntarenas
603	209	10690	2	7517,222287	Asfalto	1_San Jose
604	209	19052	2	1057,038074	Asfalto	1_San Jose
605	209	19053	2	959,6324209	Asfalto	1_San Jose
606	209	19070	2	1315,205704	Asfalto	1_San Jose
607	209	10211	2	1342,80555	Asfalto	1_San Jose
608	209	10212	2	2230,463769	Asfalto	1_San Jose
609	209	11200	2	1809,867387	Asfalto	1_San Jose
610	209	10201	2	8215,404371	Asfalto	1_San Jose
611	209	10202	2	7151,079547	Asfalto	1_San Jose
612	209	11211	2	2734,65731	Asfalto	1_San Jose
613	209	11212	2	2455,532388	Asfalto	1_San Jose
614	209	10700	2	8306,075657	Asfalto	1_San Jose
615	209	11220	2	1224,603018	Asfalto	1_San Jose
616	207	19050	2	1048,262987	Asfalto	1_San Jose
617	207	19049	2	819,3182717	Asfalto	1_San Jose
618	206	10230	2	6518,608444	Asfalto	1_San Jose
619	206	10241	2	2913,322758	Asfalto	1_San Jose
620	206	10242	2	1079,29106	Asfalto	1_San Jose
621	205	10281	2	2786,663821	Asfalto	1_San Jose
622	205	19048	2	3248,368192	Asfalto	1_San Jose
623	205	10282	2	630,3985298	TS	1_San Jose
624	204	19046	2	2272,434464	Asfalto	1_San Jose
625	204	19047	2	1093,839476	Concreto	1_San Jose
626	203	19044	2	3614,670061	Asfalto	1_San Jose
627	202	30333	2	3613,059282	Asfalto	3_Cartago
628	202	19043	2	3934,05241	Asfalto	1_San Jose
629	202	11350	2	1678,568353	Asfalto	1_San Jose
630	202	30331	2	1757,424551	Asfalto	3_Cartago
631	202	30332	2	2374,126954	Asfalto	3_Cartago
632	201	19041	2	1287,863554	Asfalto	1_San Jose
633	201	19075	2	376,43401	Asfalto	1_San Jose
634	200	19040	2	878,9436541	Asfalto	1_San Jose
635	200	19076	2	548,216364	Asfalto	1_San Jose
636	2	60001	0	17662,09194	Asfalto	6_Puntarenas
637	2	19001	0	2181,973196	Asfalto	1_San Jose
638	2	19004	0	1977,261139	Asfalto	1_San Jose
639	2	19005	0	2070,633231	Asfalto	1_San Jose
640	2	19006	0	2272,673825	Asfalto	1_San Jose
641	2	10250	0	1714,416991	Asfalto	1_San Jose
642	2	30600	0	5123,964738	Asfalto	3_Cartago
643	2	30110	0	2147,995238	Asfalto	3_Cartago
644	2	30101	0	2031,551641	Asfalto	3_Cartago
645	2	30102	0	2486,323321	Asfalto	3_Cartago
646	2	30090	0	15242,05506	Asfalto	3_Cartago
647	2	10041	0	4664,023914	Asfalto	1_San Jose
648	2	10042	0	7119,737596	Asfalto	1_San Jose
649	2	30690	0	24947,71209	Asfalto	3_Cartago
650	2	10030	0	12121,55919	Asfalto	1_San Jose
651	2	30680	0	9440,093496	Asfalto	3_Cartago
652	2	10020	0	26087,43462	Asfalto	1_San Jose
653	2	10010	0	10250,48009	Asfalto	1_San Jose
654	2	10003	0	7898,059059	Asfalto	1_San Jose
655	2	10002	0	6864,679886	Asfalto	1_San Jose
656	2	10001	0	17886,59606	Asfalto	1_San Jose
657	2	60060	0	29254,82429	Asfalto	6_Puntarenas
658	2	60052	0	24159,29356	Asfalto	6_Puntarenas
659	2	60051	0	24973,17758	Asfalto	6_Puntarenas
660	2	60040	0	10463,12324	Asfalto	6_Puntarenas
661	2	60030	0	32230,60414	Asfalto	6_Puntarenas
662	2	60020	0	11104,74401	Asfalto	6_Puntarenas
663	2	60012	0	16313,63841	Asfalto	6_Puntarenas
664	2	60011	0	7500,4691	Asfalto	6_Puntarenas
665	2	60002	0	7983,807046	Asfalto	6_Puntarenas
666	2	30600	1	5106,588464	Asfalto	3_Cartago
667	2	30101	1	1825,171571	Asfalto	3_Cartago
668	2	30740	1	3540,204199	Asfalto	3_Cartago
669	2	30750	1	2314,187701	Asfalto	3_Cartago
670	2	10250	1	1640,633138	Asfalto	1_San Jose
671	417	30772	2	5393,369123	Lastre	3_Cartago
672	417	30762	2	3504,999835	Lastre	3_Cartago
673	417	30771	2	2742,024584	Lastre	3_Cartago
674	416	30200	2	1487,947003	Lastre	3_Cartago
675	415	70432	2	10720,86156	Asfalto	7_Limon
676	415	30391	2	3849,954796	Asfalto	3_Cartago
677	415	30392	2	14485,95898	TS	3_Cartago
678	415	30400	2	7054,975481	TS	3_Cartago
679	415	70431	2	6184,078338	Asfalto	7_Limon
680	415	70310	2	6866,474362	Asfalto	7_Limon
681	414	30382	2	11671,46884	Lastre	3_Cartago
682	414	30370	2	8727,988366	Asfalto	3_Cartago
683	413	30352	2	10382,43213	Asfalto	3_Cartago
684	413	30351	2	10355,86547	Lastre	3_Cartago
685	411	30032	2	6270,708711	Lastre	3_Cartago
686	411	30031	2	4331,24962	TS	3_Cartago
687	411	30033	2	2056,493047	TS	3_Cartago
688	409	30171	2	5260,873092	Asfalto	3_Cartago
689	409	10710	2	1146,533233	Asfalto	1_San Jose
690	409	30172	2	2221,229308	Asfalto	3_Cartago
691	408	30702	2	7085,149111	Lastre	3_Cartago
692	408	30362	2	6471,551563	Lastre	3_Cartago
693	408	30701	2	5797,195328	Lastre	3_Cartago
694	408	30703	2	5277,744802	Asfalto	3_Cartago
695	407	30570	2	7087,517876	TS	3_Cartago
696	406	10100	2	5898,739822	TS	1_San Jose
697	406	30630	2	4930,715128	TS	3_Cartago
698	405	30302	2	8489,791424	Asfalto	3_Cartago
699	405	30301	2	4916,080574	Asfalto	3_Cartago
700	405	30720	2	850,4784039	TS	3_Cartago
701	404	30432	2	4547,681352	TS	3_Cartago
702	404	30431	2	1019,150878	TS	3_Cartago
703	404	30420	2	3168,15386	TS	3_Cartago
704	403	30410	2	3370,462638	TS	3_Cartago
705	402	30530	2	10087,4055	TS	3_Cartago
706	402	30521	2	1024,029561	TS	3_Cartago
707	402	30522	2	9923,878741	TS	3_Cartago
708	401	30591	2	4172,545279	TS	3_Cartago
709	401	30592	2	849,8569553	Asfalto	3_Cartago
710	401	30710	2	446,530342	Asfalto	3_Cartago
711	4	50280	0	14374,36084	TS	5_Guanacaste
712	4	70110	0	402,1574619	Asfalto	7_Limon
713	4	40521	0	12855,51642	Asfalto	4_Heredia
714	4	40522	0	18023,25488	Asfalto	4_Heredia
715	4	21001	0	11005,46772	Asfalto	2_Alajuela
716	4	21011	0	13858,89218	Asfalto	2_Alajuela
717	4	21012	0	16128,28716	Asfalto	2_Alajuela
718	4	21351	0	12077,73689	Asfalto	2_Alajuela
719	4	21352	0	16372,79093	Asfalto	2_Alajuela
720	4	20721	0	8476,513056	Asfalto	2_Alajuela
721	4	20722	0	18748,99983	Asfalto	2_Alajuela
722	4	21021	0	8615,917976	Asfalto	2_Alajuela
723	4	21022	0	12572,61907	TS	2_Alajuela
724	4	21023	0	14330,12836	TS	2_Alajuela
725	4	21024	0	17742,07212	TS	2_Alajuela
726	4	21025	0	11962,61805	Lastre	2_Alajuela
727	4	50300	0	8742,188136	Lastre	5_Guanacaste
728	4	50290	0	11843,55847	TS	5_Guanacaste
729	4	40460	0	11090,29643	Asfalto	4_Heredia
730	4	40540	0	5355,108275	Asfalto	4_Heredia
731	4	21002	0	9682,684402	Asfalto	2_Alajuela
732	4	21001	1	11011,16665	Asfalto	2_Alajuela
733	4	21002	1	9684,934378	Asfalto	2_Alajuela
734	4	40540	1	5354,966567	Asfalto	4_Heredia
735	4	40460	1	441,1765899	Asfalto	4_Heredia
736	39	19103	0	1152,916183	Asfalto	1_San Jose
737	39	19103	1	1130,963459	Asfalto	1_San Jose
738	39	19090	0	932,9802026	Asfalto	1_San Jose
739	39	19090	1	934,1201964	Asfalto	1_San Jose
740	39	19091	0	874,1562264	Asfalto	1_San Jose
741	39	19091	1	867,2420773	Asfalto	1_San Jose
742	39	19092	0	589,960055	Asfalto	1_San Jose
743	39	19092	1	579,6714005	Asfalto	1_San Jose
744	39	19093	0	615,7432017	Asfalto	1_San Jose
745	39	19093	1	617,8537968	Asfalto	1_San Jose
746	39	19094	1	963,9352508	Asfalto	1_San Jose
747	39	19094	0	975,2539829	Asfalto	1_San Jose
748	39	19095	1	1188,17122	Asfalto	1_San Jose
749	39	19095	0	1174,098443	Asfalto	1_San Jose
750	39	19096	1	785,1695753	Asfalto	1_San Jose
751	39	19096	0	801,2115299	Asfalto	1_San Jose
752	39	19097	0	490,7665131	Asfalto	1_San Jose
753	39	19097	1	490,0651452	Asfalto	1_San Jose
754	39	19098	0	1550,989635	Asfalto	1_San Jose
755	39	19098	1	1546,315801	Asfalto	1_San Jose
756	39	19099	0	777,0322223	Asfalto	1_San Jose
757	39	19099	1	754,5302095	Asfalto	1_San Jose
758	39	19100	0	1121,517058	Asfalto	1_San Jose
759	39	19100	1	1121,443996	Asfalto	1_San Jose
760	39	19101	0	1263,39408	Asfalto	1_San Jose
761	39	19101	1	1249,586433	Asfalto	1_San Jose
762	39	19102	0	762,7676268	Asfalto	1_San Jose
763	39	19102	1	766,8630435	Asfalto	1_San Jose
764	39	19089	0	729,8761352	Asfalto	1_San Jose
765	39	19089	1	719,2217196	Asfalto	1_San Jose
766	39	19104	1	463,4399529	Asfalto	1_San Jose
767	39	19105	0	454,538218	Asfalto	1_San Jose
768	39	19105	1	450,0640843	Asfalto	1_San Jose
769	39	19104	0	448,2510541	Asfalto	1_San Jose
770	36	70002	2	26029,00343	Asfalto	7_Limon
771	36	70050	2	10557,86722	Asfalto	7_Limon
772	36	70040	2	24976,27099	Asfalto	7_Limon
773	36	70030	2	6348,191937	Asfalto	7_Limon
774	36	70020	2	10079,5566	Asfalto	7_Limon
775	36	70010	2	8745,796786	Asfalto	7_Limon
776	36	70001	2	5769,875357	Asfalto	7_Limon
777	35	21082	2	14163,69035	Asfalto	2_Alajuela
778	35	20640	2	4757,655683	Asfalto	2_Alajuela
779	35	20650	2	9836,636943	Asfalto	2_Alajuela
780	35	21060	2	11310,54768	Asfalto	2_Alajuela
781	35	21071	2	8500,553378	Asfalto	2_Alajuela
782	35	21072	2	7606,291501	Asfalto	2_Alajuela
783	35	21081	2	19487,76799	Asfalto	2_Alajuela
784	35	21083	2	10375,66504	Asfalto	2_Alajuela
785	34	60093	2	17789,54093	Asfalto	6_Puntarenas
786	34	21300	2	5732,116451	Asfalto	2_Alajuela
787	34	60170	2	16849,25381	Asfalto	6_Puntarenas
788	34	60162	2	8041,184226	Asfalto	6_Puntarenas
789	34	60161	2	3481,467302	Asfalto	6_Puntarenas
790	34	60140	2	17178,5095	Asfalto	6_Puntarenas
791	34	60082	2	20578,42023	Asfalto	6_Puntarenas
792	34	60081	2	6257,51184	Asfalto	6_Puntarenas
793	34	60120	2	11206,98132	Asfalto	6_Puntarenas
794	34	60113	2	10134,39693	Asfalto	6_Puntarenas
795	34	60112	2	4069,294955	Asfalto	6_Puntarenas
796	34	60111	2	13192,2028	Asfalto	6_Puntarenas
797	34	60102	2	11313,44576	Asfalto	6_Puntarenas
798	34	60101	2	13471,08931	Asfalto	6_Puntarenas
799	34	60091	2	18096,14337	Asfalto	6_Puntarenas
800	34	60092	2	18087,41194	Asfalto	6_Puntarenas
801	34	60094	2	7084,508797	Asfalto	6_Puntarenas
802	32	70070	0	12045,67902	Asfalto	7_Limon
803	32	19011	0	1270,112688	Asfalto	1_San Jose
804	32	19012	0	1847,667074	Asfalto	1_San Jose
805	32	40500	0	7611,951312	Asfalto	4_Heredia
806	32	40550	0	3068,483325	Asfalto	4_Heredia
807	32	10950	0	4988,136926	Asfalto	1_San Jose
808	32	10990	0	20479,25053	Asfalto	1_San Jose
809	32	70160	0	10265,86216	Asfalto	7_Limon
810	32	70150	0	13238,44632	Asfalto	7_Limon
811	32	70490	0	4439,95702	Asfalto	7_Limon
812	32	70142	0	6316,412885	Asfalto	7_Limon
813	32	70141	0	10687,18526	Asfalto	7_Limon
814	32	70130	0	12651,2109	Asfalto	7_Limon
815	32	70090	0	12725,53424	Asfalto	7_Limon
816	32	70472	0	9900,22095	Asfalto	7_Limon
817	32	70471	0	15485,32815	Asfalto	7_Limon
818	32	70080	0	9525,88268	Asfalto	7_Limon
819	32	19012	1	1667,581317	Asfalto	1_San Jose
820	32	19011	1	1260,369322	Asfalto	1_San Jose
821	3	20112	2	8333,351651	Asfalto	2_Alajuela
822	3	19007	2	1489,99789	Asfalto	1_San Jose
823	3	40000	2	4815,105125	Asfalto	4_Heredia
824	3	40010	2	3609,737364	Asfalto	4_Heredia
825	3	40750	2	2777,189954	Asfalto	4_Heredia
826	3	20131	2	2541,17909	Asfalto	2_Alajuela
827	3	20132	2	2226,088291	Asfalto	2_Alajuela
828	3	20140	2	2536,452459	Asfalto	2_Alajuela
829	3	20142	2	2739,041931	Asfalto	2_Alajuela
830	3	20070	2	6161,822754	Asfalto	2_Alajuela
831	3	20081	2	3422,614302	Asfalto	2_Alajuela
832	3	20082	2	3343,875736	Asfalto	2_Alajuela
833	3	20090	2	7224,183542	Asfalto	2_Alajuela
834	3	20100	2	9301,64692	Asfalto	2_Alajuela
835	3	20111	2	3995,756057	Asfalto	2_Alajuela
836	3	20700	2	2531,756432	Asfalto	2_Alajuela
837	625	60392	2	19360,57381	Lastre	6_Puntarenas
838	625	60391	2	9306,981393	Lastre	6_Puntarenas
839	625	60394	2	3388,189119	TS	6_Puntarenas
840	623	60940	2	12414,38558	Lastre	6_Puntarenas
841	623	51240	2	694,1995007	Lastre	5_Guanacaste
842	623	51230	2	488,626232	Lastre	5_Guanacaste
843	622	60440	2	6903,285967	Asfalto	6_Puntarenas
844	622	60450	2	6711,386849	Asfalto	6_Puntarenas
845	621	60770	2	4204,226684	TS	6_Puntarenas
846	620	60151	2	3199,090039	Asfalto	6_Puntarenas
847	620	60152	2	2507,26177	Asfalto	6_Puntarenas
848	619	50971	2	6190,078409	Lastre	5_Guanacaste
849	619	60070	2	1628,61461	Lastre	6_Puntarenas
850	619	50972	2	4171,785589	Lastre	5_Guanacaste
851	618	60130	2	6387,173257	Asfalto	6_Puntarenas
852	617	60992	2	6129,924459	TS	6_Puntarenas
853	617	60991	2	5334,601776	TS	6_Puntarenas
854	616	60580	2	9697,905343	Asfalto	6_Puntarenas
855	615	60642	2	5386,007607	TS	6_Puntarenas
856	615	60641	2	5383,884589	TS	6_Puntarenas
857	614	60271	2	15113,54009	Lastre	6_Puntarenas
858	614	60272	2	5835,480324	Asfalto	6_Puntarenas
859	613	60313	2	6187,286631	Asfalto	6_Puntarenas
860	613	60300	2	7911,715694	TS	6_Puntarenas
861	613	60311	2	3995,511454	Asfalto	6_Puntarenas
862	613	60312	2	7051,131228	Asfalto	6_Puntarenas
863	613	60314	2	5589,304528	Asfalto	6_Puntarenas
864	612	60331	2	4877,775613	Asfalto	6_Puntarenas
865	612	60332	2	13221,68363	Asfalto	6_Puntarenas
866	612	60333	2	13698,95093	Lastre	6_Puntarenas
867	610	60950	2	2860,889615	Asfalto	6_Puntarenas
868	610	60971	2	1330,98301	Lastre	6_Puntarenas
869	610	60971	2	1198,268078	Lastre	6_Puntarenas
870	609	60531	2	10672,21972	Lastre	6_Puntarenas
871	609	60532	2	3107,980893	Lastre	6_Puntarenas
872	608	60373	2	7933,075154	Lastre	6_Puntarenas
873	608	60371	2	6435,102351	Asfalto	6_Puntarenas
874	608	60372	2	10396,6886	Lastre	6_Puntarenas
875	608	60374	2	4122,574062	Lastre	6_Puntarenas
876	606	60700	2	17871,1375	Asfalto	6_Puntarenas
877	606	60672	2	4226,465513	Asfalto	6_Puntarenas
878	606	60681	2	3734,267017	Asfalto	6_Puntarenas
879	606	60682	2	7873,006853	Asfalto	6_Puntarenas
880	606	51100	2	7762,206079	Lastre	5_Guanacaste
881	606	50880	2	5614,713405	Lastre	5_Guanacaste
882	606	60671	2	2820,090635	Asfalto	6_Puntarenas
883	605	60692	2	9494,554498	Lastre	6_Puntarenas
884	605	60691	2	5210,384643	Lastre	6_Puntarenas
885	604	60660	2	8943,486929	Lastre	6_Puntarenas
886	604	60830	2	1716,13384	Lastre	6_Puntarenas
887	603	60720	2	10141,35	Lastre	6_Puntarenas
888	602	51010	2	6901,258406	Lastre	5_Guanacaste
889	602	60750	2	6270,979231	Lastre	6_Puntarenas
890	601	60742	2	11660,44375	Lastre	6_Puntarenas
891	601	50341	2	2555,97076	Concreto	5_Guanacaste
892	601	50342	2	10546,22187	TS	5_Guanacaste
893	601	50330	2	9122,220936	Lastre	5_Guanacaste
894	601	60741	2	4629,42845	Lastre	6_Puntarenas
895	6	21221	2	19160,61046	Asfalto	2_Alajuela
896	6	50900	2	23641,77034	Asfalto	5_Guanacaste
897	6	51020	2	7072,775141	Asfalto	5_Guanacaste
898	6	21222	2	9105,717334	Asfalto	2_Alajuela
899	510	40820	2	9339,950253	Lastre	4_Heredia
900	510	40830	2	11851,02834	Lastre	4_Heredia
901	507	40761	2	7370,639548	TS	4_Heredia
902	507	40762	2	8602,821598	Lastre	4_Heredia
903	507	40763	2	7874,536749	Lastre	4_Heredia
904	507	40771	2	14723,98514	Lastre	4_Heredia
905	507	40772	2	10294,28065	Lastre	4_Heredia
906	507	40780	2	14733,33434	Lastre	4_Heredia
907	506	40470	2	5921,117738	Lastre	4_Heredia
908	505	40511	2	8392,280809	Asfalto	4_Heredia
909	505	40512	2	3702,593709	Lastre	4_Heredia
910	505	40850	2	3427,61438	Lastre	4_Heredia
911	505	40840	2	3630,477465	Lastre	4_Heredia
912	504	40280	2	3003,540805	Asfalto	4_Heredia
913	503	40240	2	1500,474356	Asfalto	4_Heredia
914	502	40390	2	3647,078315	Asfalto	4_Heredia
915	502	40380	2	2274,00341	TS	4_Heredia
916	5	40730	2	1838,054317	Asfalto	4_Heredia
917	5	19008	2	2283,504304	Asfalto	1_San Jose
918	5	19009	2	1674,291632	Asfalto	1_San Jose
919	5	40050	2	1490,377494	Asfalto	4_Heredia
920	5	40060	2	1164,706218	Asfalto	4_Heredia
921	5	40740	2	369,9528546	Asfalto	4_Heredia
922	761	21880	2	4835,015882	Asfalto	2_Alajuela
923	761	21960	2	17585,22713	Lastre	2_Alajuela
924	761	21971	2	11603,65701	Lastre	2_Alajuela
925	761	21972	2	9374,50384	Lastre	2_Alajuela
926	760	27950	2	8342,479998	Lastre	2_Alajuela
927	760	21930	2	6152,365598	Lastre	2_Alajuela
928	760	27940	2	7176,346984	Lastre	2_Alajuela
929	750	21390	2	8455,000095	Lastre	2_Alajuela
930	748	20943	2	5090,133012	TS	2_Alajuela
931	748	20941	2	8679,395325	Asfalto	2_Alajuela
932	748	20942	2	4058,585876	TS	2_Alajuela
933	747	21102	2	5009,57103	Lastre	2_Alajuela
934	747	21101	2	2796,961728	TS	2_Alajuela
935	746	20970	2	4887,851679	TS	2_Alajuela
936	745	20962	2	6112,001999	TS	2_Alajuela
937	745	21050	2	8899,7076	TS	2_Alajuela
938	745	21401	2	6766,51582	Lastre	2_Alajuela
939	745	21402	2	5492,661738	Lastre	2_Alajuela
940	745	40581	2	3602,732364	Lastre	4_Heredia
941	745	40582	2	3251,76736	Lastre	4_Heredia
942	745	21410	2	4474,842789	TS	2_Alajuela
943	745	20961	2	7743,760175	TS	2_Alajuela
944	745	20963	2	2581,335029	Asfalto	2_Alajuela
945	744	20951	2	8002,856468	Lastre	2_Alajuela
946	744	20952	2	3265,634012	Lastre	2_Alajuela
947	744	21770	2	2688,302307	Asfalto	2_Alajuela
948	742	20770	2	10876,00424	TS	2_Alajuela
949	742	60602	2	12628,22738	TS	6_Puntarenas
950	742	60601	2	6822,565954	Asfalto	6_Puntarenas
951	742	20791	2	4026,698822	Lastre	2_Alajuela
952	742	20792	2	5064,368495	Lastre	2_Alajuela
953	742	20782	2	6599,584296	Lastre	2_Alajuela
954	742	20781	2	5243,809906	Lastre	2_Alajuela
955	741	20493	2	6925,741757	TS	2_Alajuela
956	741	20491	2	4584,455278	TS	2_Alajuela
957	741	20492	2	2828,972092	TS	2_Alajuela
958	741	21530	2	1683,121263	Asfalto	2_Alajuela
959	739	21581	2	3729,002151	Asfalto	2_Alajuela
960	739	20860	2	1127,891084	TS	2_Alajuela
961	739	21582	2	2904,978737	Asfalto	2_Alajuela
962	739	21583	2	2588,996419	Asfalto	2_Alajuela
963	738	20690	2	5593,383091	TS	2_Alajuela
964	737	21241	2	6930,334817	Lastre	2_Alajuela
965	737	21242	2	6614,977783	Lastre	2_Alajuela
966	735	21520	2	11077,72644	Lastre	2_Alajuela
967	734	21120	2	12151,48992	Lastre	2_Alajuela
968	734	21360	2	8227,048022	TS	2_Alajuela
969	734	50070	2	9283,020712	Lastre	5_Guanacaste
970	733	21150	2	21744,17351	Lastre	2_Alajuela
971	733	21112	2	16280,3196	Lastre	2_Alajuela
972	733	21111	2	3606,556884	Lastre	2_Alajuela
973	732	21481	2	9045,439079	Lastre	2_Alajuela
974	732	21482	2	5793,91753	Lastre	2_Alajuela
975	731	21180	2	12069,09238	Asfalto	2_Alajuela
976	730	21030	2	6650,749274	Lastre	2_Alajuela
977	729	21130	2	4138,024787	Lastre	2_Alajuela
978	728	21211	2	7347,369716	Lastre	2_Alajuela
979	728	21212	2	7275,508565	Lastre	2_Alajuela
980	727	21472	2	2299,769398	Asfalto	2_Alajuela
981	727	21471	2	1876,827627	Asfalto	2_Alajuela
982	725	20850	2	4422,294135	Asfalto	2_Alajuela
983	725	21670	2	842,8757499	Asfalto	2_Alajuela
984	723	20571	2	3602,941098	TS	2_Alajuela
985	723	20573	2	1390,438233	Asfalto	2_Alajuela
986	723	20572	2	3502,611294	TS	2_Alajuela
987	722	20221	2	4551,250638	Asfalto	2_Alajuela
988	722	20222	2	1594,394539	Asfalto	2_Alajuela
989	721	21271	2	7257,806685	Asfalto	2_Alajuela
990	721	21273	2	3982,234892	Asfalto	2_Alajuela
991	721	21272	2	3129,555866	Asfalto	2_Alajuela
992	720	20732	2	4623,770691	Asfalto	2_Alajuela
993	720	20731	2	1328,472114	TS	2_Alajuela
994	719	21462	2	2797,725832	TS	2_Alajuela
995	719	21461	2	2312,641518	Asfalto	2_Alajuela
996	718	20300	2	5089,97186	TS	2_Alajuela
997	717	20470	2	8643,815921	Asfalto	2_Alajuela
998	716	21590	2	4511,696257	TS	2_Alajuela
999	716	20210	2	1497,750378	Asfalto	2_Alajuela
1000	715	20532	2	6040,682616	TS	2_Alajuela
1001	715	21680	2	2877,340195	Asfalto	2_Alajuela
1002	715	20531	2	5919,643032	TS	2_Alajuela
1003	714	20432	2	3526,005812	Asfalto	2_Alajuela
1004	714	20431	2	2322,098024	Asfalto	2_Alajuela
1005	713	20742	2	7929,001134	TS	2_Alajuela
1006	713	20741	2	5213,397464	TS	2_Alajuela
1007	713	21690	2	1626,720371	Asfalto	2_Alajuela
1008	713	20743	2	1405,969904	Asfalto	2_Alajuela
1009	713	21700	2	1128,296937	Asfalto	2_Alajuela
1010	712	21420	2	8928,034618	Asfalto	2_Alajuela
1011	711	20481	2	2983,623833	Asfalto	2_Alajuela
1012	711	20482	2	1799,729387	Asfalto	2_Alajuela
1013	710	21661	2	1332,928916	TS	2_Alajuela
1014	710	20900	2	1790,537563	TS	2_Alajuela
1015	710	21662	2	1069,244307	TS	2_Alajuela
1016	709	20412	2	5016,803904	TS	2_Alajuela
1017	709	20411	2	1255,196686	Asfalto	2_Alajuela
1018	709	20414	2	2833,532072	Asfalto	2_Alajuela
1019	709	20413	2	1230,58456	Asfalto	2_Alajuela
1020	708	21542	2	6575,591898	TS	2_Alajuela
1021	708	20921	2	4791,073969	TS	2_Alajuela
1022	708	20922	2	5320,405812	TS	2_Alajuela
1023	708	20923	2	14537,53245	TS	2_Alajuela
1024	708	20924	2	7708,189307	TS	2_Alajuela
1025	708	21541	2	5409,909805	TS	2_Alajuela
1026	707	21262	2	10260,09037	Asfalto	2_Alajuela
1027	707	21263	2	3939,717798	Asfalto	2_Alajuela
1028	707	10670	2	3119,985843	TS	1_San Jose
1029	707	21261	2	2339,953138	TS	2_Alajuela
1030	707	10680	2	2785,008714	TS	1_San Jose
1031	706	21310	2	3319,381356	TS	2_Alajuela
1032	705	21511	2	8925,221954	TS	2_Alajuela
1033	705	21512	2	4768,365067	TS	2_Alajuela
1034	704	21780	2	4003,325879	Asfalto	2_Alajuela
1035	704	20891	2	4639,374766	Asfalto	2_Alajuela
1036	704	20892	2	2895,762827	TS	2_Alajuela
1037	703	20232	2	9267,247331	Asfalto	2_Alajuela
1038	703	20231	2	3575,357522	Asfalto	2_Alajuela
1039	703	20750	2	6106,485317	Asfalto	2_Alajuela
1040	702	21370	2	9107,089502	Asfalto	2_Alajuela
1041	702	20820	2	8700,612473	Asfalto	2_Alajuela
1042	702	20830	2	29527,64042	Asfalto	2_Alajuela
1043	702	20840	2	7586,383535	Asfalto	2_Alajuela
1044	702	20880	2	6173,083126	Asfalto	2_Alajuela
1045	702	21750	2	7036,06528	TS	2_Alajuela
1046	702	21760	2	2839,390592	Asfalto	2_Alajuela
1047	939	51140	2	6817,360344	Lastre	5_Guanacaste
1048	938	51180	2	10382,16556	Lastre	5_Guanacaste
1049	937	51210	2	8637,936765	Lastre	5_Guanacaste
1050	936	51220	2	18348,58398	Lastre	5_Guanacaste
1051	936	21920	2	8597,847547	Lastre	2_Alajuela
1052	936	21910	2	3928,454016	Lastre	2_Alajuela
1053	935	51200	2	16280,91499	Asfalto	5_Guanacaste
1054	934	51030	2	8631,436702	Lastre	5_Guanacaste
1055	933	50422	2	6404,202609	TS	5_Guanacaste
1056	933	50421	2	3494,853818	TS	5_Guanacaste
1057	931	50702	2	3761,034803	TS	5_Guanacaste
1058	931	50701	2	7937,613352	Asfalto	5_Guanacaste
1059	930	50810	2	8665,061222	Lastre	5_Guanacaste
1060	929	50761	2	9063,506769	Lastre	5_Guanacaste
1061	929	50762	2	4335,040222	Lastre	5_Guanacaste
1062	928	50501	2	4450,348084	Asfalto	5_Guanacaste
1063	928	50502	2	3133,773645	Asfalto	5_Guanacaste
1064	927	50922	2	5511,538676	Lastre	5_Guanacaste
1065	927	50921	2	6310,720844	TS	5_Guanacaste
1066	927	51260	2	7145,098535	Lastre	5_Guanacaste
1067	926	50201	2	3966,808882	TS	5_Guanacaste
1068	926	50202	2	18514,02546	Lastre	5_Guanacaste
1069	926	50203	2	9464,634918	Lastre	5_Guanacaste
1070	925	50893	2	9701,012287	Asfalto	5_Guanacaste
1071	925	51250	2	8985,696139	Lastre	5_Guanacaste
1072	925	50891	2	9195,000395	Lastre	5_Guanacaste
1073	923	50840	2	14569,66008	Asfalto	5_Guanacaste
1074	922	50830	2	20066,71962	Lastre	5_Guanacaste
1075	920	51280	2	5356,100197	Lastre	5_Guanacaste
1076	920	50950	2	9816,792245	Lastre	5_Guanacaste
1077	920	50790	2	6747,215227	Lastre	5_Guanacaste
1078	920	51270	2	3243,508811	Lastre	5_Guanacaste
1079	918	50382	2	8559,03824	Lastre	5_Guanacaste
1080	917	21252	2	15255,64509	Lastre	2_Alajuela
1081	917	50351	2	7036,477732	Asfalto	5_Guanacaste
1082	917	50360	2	6384,424738	Lastre	5_Guanacaste
1083	917	21251	2	4052,311751	Lastre	2_Alajuela
1084	915	50981	2	14110,59927	Lastre	5_Guanacaste
1085	915	50982	2	2343,418486	Lastre	5_Guanacaste
1086	914	50321	2	8399,164368	Asfalto	5_Guanacaste
1087	914	50322	2	3960,464101	Asfalto	5_Guanacaste
1088	913	50370	2	7464,723513	TS	5_Guanacaste
1089	912	50452	2	6169,083714	Asfalto	5_Guanacaste
1090	911	50442	2	4670,543192	TS	5_Guanacaste
1091	911	50530	2	3810,964998	Asfalto	5_Guanacaste
1092	911	51170	2	5925,999287	Lastre	5_Guanacaste
1093	911	50443	2	3889,091122	Lastre	5_Guanacaste
1094	911	50441	2	3468,971907	TS	5_Guanacaste
1095	910	50492	2	7020,554295	Lastre	5_Guanacaste
1096	910	50491	2	2360,381786	TS	5_Guanacaste
1097	909	50550	2	11612,24419	Asfalto	5_Guanacaste
1098	906	50772	2	12854,98403	Lastre	5_Guanacaste
1099	905	50182	2	9601,77438	Lastre	5_Guanacaste
1100	905	50181	2	3549,966357	TS	5_Guanacaste
1101	904	50642	2	15891,51649	Lastre	5_Guanacaste
1102	904	50641	2	5739,188683	Asfalto	5_Guanacaste
1103	903	50631	2	22594,99019	Lastre	5_Guanacaste
1104	903	50632	2	6368,508595	Lastre	5_Guanacaste
1105	902	50691	2	7036,873138	Lastre	5_Guanacaste
1106	901	50671	2	13564,94247	Lastre	5_Guanacaste
1107	901	51160	2	3322,002028	Lastre	5_Guanacaste
1108	901	50672	2	6801,34931	Lastre	5_Guanacaste
1109	856	11111	2	6292,261176	Lastre	2_Alajuela
1110	856	11111	2	39458,10035	Lastre	4_Heredia
1111	856	11111	2	7699,416162	Lastre	4_Heredia
1112	817	70750	2	11876,57224	Lastre	7_Limon
1113	817	40810	2	10548,42764	Lastre	4_Heredia
1114	817	70740	2	7004,018066	Lastre	7_Limon
1115	816	70680	2	7035,317998	Asfalto	7_Limon
1116	814	70660	2	7492,364463	Asfalto	7_Limon
1117	814	70670	2	4567,975374	Lastre	7_Limon
1118	813	70190	2	6622,358798	Lastre	7_Limon
1119	813	70550	2	5937,748452	Lastre	7_Limon
1120	812	70250	2	4255,131659	Asfalto	7_Limon
1121	812	70341	2	5207,395602	TS	7_Limon
1122	812	70343	2	5336,24221	Lastre	7_Limon
1123	812	70342	2	3684,696456	Lastre	7_Limon
1124	812	70344	2	3839,960146	Lastre	7_Limon
1125	811	70460	2	11493,24323	Asfalto	7_Limon
1126	811	70170	2	6813,187214	Lastre	7_Limon
1127	811	70300	2	926,3558137	Asfalto	7_Limon
1128	810	70361	2	4463,642907	Asfalto	7_Limon
1129	810	70362	2	3323,658102	Asfalto	7_Limon
1130	809	70371	2	4585,783838	Asfalto	7_Limon
1131	809	70372	2	1509,066898	Asfalto	7_Limon
1132	807	70260	2	3340,845804	TS	7_Limon
1133	806	70502	2	19619,55292	Lastre	7_Limon
1134	806	70291	2	6865,580883	Asfalto	7_Limon
1135	806	70292	2	7015,019681	Lastre	7_Limon
1136	806	70501	2	3195,4196	Lastre	7_Limon
1137	805	70520	2	5254,69227	Asfalto	7_Limon
1138	805	70270	2	4909,742608	Asfalto	7_Limon
1139	805	70540	2	4155,352049	Asfalto	7_Limon
1140	804	70180	2	8147,256572	Lastre	7_Limon
1141	804	70280	2	6412,759644	Asfalto	7_Limon
1142	804	70560	2	2875,263739	Lastre	7_Limon
1143	803	70480	2	8235,023648	Lastre	7_Limon
1144	803	70330	2	1825,116289	Asfalto	7_Limon
1145	802	70222	2	3574,894946	Lastre	7_Limon
1146	802	70223	2	3805,000014	Lastre	7_Limon
1147	802	70221	2	3270,797076	TS	7_Limon
1148	801	70201	2	16839,00493	Asfalto	7_Limon
1149	801	70202	2	3074,973147	Lastre	7_Limon
1150	237	60282	2	8931,372274	TS	6_Puntarenas
1151	239	10512	2	14856,38912	Lastre	1_San Jose
1152	241	70211	2	9616,281697	TS	7_Limon
1153	243	10941	2	16242,7311	Asfalto	1_San Jose
1154	244	10832	2	15906,1387	Asfalto	1_San Jose
1155	245	60434	2	10637,70392	Lastre	6_Puntarenas
1156	250	20674	2	19340,15695	Asfalto	2_Alajuela
1157	251	30120	2	4906,0891	Asfalto	3_Cartago
1158	252	19067	0	1584,718173	Asfalto	1_San Jose
1159	253	51090	2	12632,25145	Asfalto	5_Guanacaste
1160	255	51081	2	971,857839	TS	5_Guanacaste
1161	256	70720	2	13347,18615	TS	7_Limon
1162	301	60592	2	10400,35377	Lastre	6_Puntarenas
1163	303	10632	2	8255,206545	Asfalto	1_San Jose
1164	304	30560	2	4773,18738	TS	3_Cartago
1165	306	10960	2	3216,962135	Asfalto	1_San Jose
1166	307	11172	2	3065,331727	TS	1_San Jose
1167	308	40440	2	1846,31358	Asfalto	4_Heredia
1168	309	10421	2	3457,323382	TS	1_San Jose
1169	310	10772	2	1754,783788	Asfalto	1_San Jose
1170	311	10780	2	2711,222795	Asfalto	1_San Jose
1171	312	10260	2	1242,550974	TS	1_San Jose
1172	313	10291	2	7758,915746	Asfalto	1_San Jose
1173	314	10902	2	4896,542135	Lastre	1_San Jose
1174	315	10611	2	7739,110534	Asfalto	1_San Jose
1175	316	11190	2	4713,631139	Lastre	1_San Jose
1176	317	10051	2	5018,8376	Asfalto	1_San Jose
1177	319	10791	2	9794,839596	Lastre	1_San Jose
1178	320	10800	2	9030,446956	Lastre	1_San Jose
1179	321	10570	2	3129,306107	Asfalto	1_San Jose
1180	322	10561	2	5759,992206	TS	1_San Jose
1181	324	10970	2	13442,82452	Lastre	1_San Jose
1182	325	10602	2	5223,804487	Asfalto	1_San Jose
1183	326	10883	2	6522,039511	Lastre	1_San Jose
1184	327	10892	2	6465,808565	Lastre	1_San Jose
1185	328	10122	2	9770,367996	Asfalto	1_San Jose
1186	329	10852	2	7515,363324	Lastre	1_San Jose
1187	331	10860	2	8077,705838	Lastre	1_San Jose
1188	332	11020	2	10080,65368	TS	1_San Jose
1189	333	11080	2	7420,940273	TS	1_San Jose
1190	335	11060	2	11597,72699	Lastre	1_San Jose
1191	336	11120	2	8835,434777	Asfalto	1_San Jose
1192	257	70730	2	1932,392268	Asfalto	7_Limon
1193	254	51070	2	8354,774985	TS	5_Guanacaste
1194	334	11043	2	4915,199147	Asfalto	1_San Jose
1195	242	10540	2	10118,44645	Asfalto	1_San Jose
1196	249	70590	2	15934,56281	Asfalto	7_Limon
1197	238	61030	2	16960,2612	Lastre	6_Puntarenas
1198	238	60261	2	5726,665967	Asfalto	6_Puntarenas
1199	238	60262	2	9897,138516	Asfalto	6_Puntarenas
1200	238	60263	2	8531,678412	TS	6_Puntarenas
1201	238	61042	2	5710,279682	Asfalto	6_Puntarenas
1202	238	61041	2	4016,304037	TS	6_Puntarenas
1203	237	60982	2	19675,60163	Asfalto	6_Puntarenas
1204	237	60981	2	8516,234862	Asfalto	6_Puntarenas
1205	237	60340	2	17899,16042	Asfalto	6_Puntarenas
1206	237	60292	2	12816,12316	Asfalto	6_Puntarenas
1207	237	60291	2	7813,418688	Asfalto	6_Puntarenas
1208	237	60281	2	2972,751074	Asfalto	6_Puntarenas
1209	239	10491	2	12252,99914	Asfalto	1_San Jose
1210	239	10492	2	4386,62639	Asfalto	1_San Jose
1211	239	11180	2	4506,306518	Asfalto	1_San Jose
1212	239	10501	2	11552,65542	TS	1_San Jose
1213	239	10502	2	10086,7574	TS	1_San Jose
1214	239	10511	2	21315,50892	Lastre	1_San Jose
1215	239	60540	2	8466,735	Lastre	6_Puntarenas
1216	245	60411	2	14567,13273	TS	6_Puntarenas
1217	245	60412	2	30065,81251	TS	6_Puntarenas
1218	245	60420	2	30001,92417	Asfalto	6_Puntarenas
1219	245	60431	2	11642,0155	Asfalto	6_Puntarenas
1220	245	60432	2	5575,245388	Lastre	6_Puntarenas
1221	245	60433	2	9051,876409	Lastre	6_Puntarenas
1222	245	60435	2	5894,407272	Lastre	6_Puntarenas
1223	247	70390	2	8327,201083	Asfalto	7_Limon
1224	247	70440	2	15828,69818	Asfalto	7_Limon
1225	247	70511	2	10198,40276	Asfalto	7_Limon
1226	247	70512	2	10430,24993	Asfalto	7_Limon
1227	249	70620	2	4256,912597	Lastre	7_Limon
1228	249	70570	2	5024,911964	Asfalto	7_Limon
1229	249	70580	2	8569,288063	Asfalto	7_Limon
1230	249	70610	2	8604,950913	Lastre	7_Limon
1231	249	70600	2	4156,174406	Asfalto	7_Limon
1232	301	10660	2	10682,13703	Asfalto	1_San Jose
1233	301	10720	2	9721,544986	Lastre	1_San Jose
1234	301	10731	2	10561,83715	Lastre	1_San Jose
1235	301	10732	2	6331,123679	Lastre	1_San Jose
1236	301	60591	2	5643,630191	Lastre	6_Puntarenas
1237	313	10651	2	7328,986961	TS	1_San Jose
1238	313	10652	2	4679,690588	Asfalto	1_San Jose
1239	313	10640	2	6352,402602	Lastre	1_San Jose
1240	313	10292	2	4899,412735	Asfalto	1_San Jose
1241	319	10811	2	7720,200028	Asfalto	1_San Jose
1242	319	10813	2	9023,97213	Lastre	1_San Jose
1243	319	10792	2	10050,29802	Lastre	1_San Jose
1244	319	11240	2	8634,949804	Lastre	1_San Jose
1245	240	70410	2	2874,227375	Concreto	7_Limon
1246	241	70212	2	2759,492062	Asfalto	7_Limon
1247	242	10580	2	8433,419007	Asfalto	1_San Jose
1248	243	10930	2	5130,490688	Asfalto	1_San Jose
1249	243	10942	2	8490,253329	Asfalto	1_San Jose
1250	243	60480	2	3402,724112	Asfalto	6_Puntarenas
1251	244	10831	2	5796,157911	Asfalto	1_San Jose
1252	251	10920	2	1797,502038	Asfalto	1_San Jose
1253	253	51060	2	7024,95115	Asfalto	5_Guanacaste
1254	255	51082	2	778,3434625	TS	5_Guanacaste
1255	256	70710	2	5033,351454	TS	7_Limon
1256	314	10901	2	4820,302062	Asfalto	1_San Jose
1257	315	10612	2	7195,218405	TS	1_San Jose
1258	316	10060	2	4235,500996	Asfalto	1_San Jose
1259	317	10052	2	4435,135195	Lastre	1_San Jose
1260	304	10430	2	2012,088251	Asfalto	1_San Jose
1261	304	11150	2	3864,877563	TS	1_San Jose
1262	304	11160	2	4350,562712	TS	1_San Jose
1263	306	11100	2	380,1689545	Asfalto	1_San Jose
1264	307	10410	2	3033,356781	TS	1_San Jose
1265	307	11171	2	3193,121335	TS	1_San Jose
1266	307	11173	2	2195,909728	Asfalto	1_San Jose
1267	308	40450	2	888,16692	Asfalto	4_Heredia
1268	308	10331	2	1227,703665	Asfalto	1_San Jose
1269	308	10332	2	2184,834761	TS	1_San Jose
1270	308	40290	2	1000,746411	TS	4_Heredia
1271	303	10620	2	5300,05069	Asfalto	1_San Jose
1272	303	10631	2	4172,898758	Asfalto	1_San Jose
1273	309	10422	2	2490,366491	Asfalto	1_San Jose
1274	310	10751	2	2317,516261	Asfalto	1_San Jose
1275	310	10752	2	3087,851668	Asfalto	1_San Jose
1276	310	10773	2	1349,784377	Asfalto	1_San Jose
1277	310	10771	2	1490,783874	Asfalto	1_San Jose
1278	320	60550	2	8585,839779	Lastre	6_Puntarenas
1279	332	11030	2	6249,844056	Lastre	1_San Jose
1280	333	11090	2	4807,503379	Lastre	1_San Jose
1281	334	11041	2	2506,809	TS	1_San Jose
1282	334	11042	2	3858,292495	TS	1_San Jose
1283	334	11050	2	3397,216835	Asfalto	1_San Jose
1284	335	11070	2	6049,848575	Lastre	1_San Jose
1285	336	11110	2	1974,218171	Asfalto	1_San Jose
1286	322	10551	2	3865,202088	Asfalto	1_San Jose
1287	322	10552	2	2718,000201	TS	1_San Jose
1288	322	10562	2	5594,061919	TS	1_San Jose
1289	324	11260	2	7404,286135	Lastre	1_San Jose
1290	324	10980	2	4846,812184	Lastre	1_San Jose
1291	325	10590	2	2505,277009	Asfalto	1_San Jose
1292	325	10601	2	2470,009387	Asfalto	1_San Jose
1293	326	10881	2	6958,714021	Asfalto	1_San Jose
1294	326	10882	2	5061,841899	Lastre	1_San Jose
1295	327	10891	2	3886,404758	Asfalto	1_San Jose
1296	328	10110	2	2503,778993	Asfalto	1_San Jose
1297	328	11330	2	5964,756672	Asfalto	1_San Jose
1298	328	10121	2	4372,108623	Asfalto	1_San Jose
1299	329	10851	2	2708,653646	Asfalto	1_San Jose
1300	611	61020	2	8640,050355	Lastre	6_Puntarenas
1301	611	60380	2	2790,95079	TS	6_Puntarenas
1302	611	61010	2	7627,017347	Lastre	6_Puntarenas
1303	252	19067	1	1240,203355	Asfalto	1_San Jose
1304	246	60320	2	2871,943465	Asfalto	6_Puntarenas
1305	246	60350	2	3681,258928	Lastre	6_Puntarenas
1306	250	20870	2	3503,271579	Asfalto	2_Alajuela
1307	250	20671	2	8938,580404	Asfalto	2_Alajuela
1308	250	20672	2	14821,28755	Asfalto	2_Alajuela
1309	250	20673	2	15839,74371	Asfalto	2_Alajuela
1310	134	21870	2	299,2982402	Asfalto	2_Alajuela
1311	27	128	2	283,0872627	Asfalto	2_Alajuela
1312	27	27	2	293,7504721	Asfalto	2_Alajuela
1313	27	113	2	310,1632615	Asfalto	2_Alajuela
1314	27	43	2	144,6625748	Asfalto	2_Alajuela
1315	27	133	2	435,8272333	Asfalto	2_Alajuela
1316	27	23	2	452,6905285	Asfalto	2_Alajuela
1317	27	123	2	403,6177835	Asfalto	2_Alajuela
1318	27	32	2	250,5135552	Asfalto	2_Alajuela
1319	27	128	3	116,3215399	Asfalto	2_Alajuela
1320	27	27	3	115,1263383	Asfalto	2_Alajuela
1321	27	112	3	201,2001357	Asfalto	2_Alajuela
1322	27	132	3	149,1740132	Asfalto	2_Alajuela
1323	27	23	3	130,6950781	Asfalto	2_Alajuela
1324	27	123	3	109,2307434	Asfalto	2_Alajuela
1325	27	239	1	47,74543255	Asfalto	2_Alajuela
1326	27	240	1	99,8572416	Asfalto	2_Alajuela
1327	27	237	0	99,64043195	Asfalto	2_Alajuela
1328	27	238	0	46,51473439	Asfalto	2_Alajuela
1329	27	311	1	101,6283006	Asfalto	2_Alajuela
1330	27	309	1	44,08288102	Asfalto	2_Alajuela
1331	27	310	1	100,1367458	Asfalto	2_Alajuela
1332	27	312	1	101,3411516	Asfalto	2_Alajuela
1333	27	307	0	100,030035	Asfalto	2_Alajuela
1334	27	305	0	99,93177657	Asfalto	2_Alajuela
1335	27	306	0	99,89810626	Asfalto	2_Alajuela
1336	27	308	0	45,60672807	Asfalto	2_Alajuela
1337	27	236	1	122,9595207	Asfalto	2_Alajuela
1338	27	198	1	100,0300132	Asfalto	2_Alajuela
1339	27	197	1	88,24188619	Asfalto	2_Alajuela
1340	27	199	1	100,030017	Asfalto	2_Alajuela
1341	27	200	1	100,030083	Asfalto	2_Alajuela
1342	27	201	1	100,0300033	Asfalto	2_Alajuela
1343	27	202	1	100,0299623	Asfalto	2_Alajuela
1344	27	203	1	100,0300391	Asfalto	2_Alajuela
1345	27	204	1	100,0299871	Asfalto	2_Alajuela
1346	27	205	1	100,0300041	Asfalto	2_Alajuela
1347	27	206	1	100,0300041	Asfalto	2_Alajuela
1348	27	207	1	100,0300041	Asfalto	2_Alajuela
1349	27	208	1	100,0300374	Asfalto	2_Alajuela
1350	27	209	1	100,030062	Asfalto	2_Alajuela
1351	27	210	1	100,0299898	Asfalto	2_Alajuela
1352	27	211	1	100,0300469	Asfalto	2_Alajuela
1353	27	212	1	100,0300171	Asfalto	2_Alajuela
1354	27	213	1	100,0299537	Asfalto	2_Alajuela
1355	27	214	1	100,0299996	Asfalto	2_Alajuela
1356	27	215	1	100,0300097	Asfalto	2_Alajuela
1357	27	216	1	100,0300299	Asfalto	2_Alajuela
1358	27	217	1	100,0300261	Asfalto	2_Alajuela
1359	27	218	1	100,0300031	Asfalto	2_Alajuela
1360	27	219	1	100,0300607	Asfalto	2_Alajuela
1361	27	220	1	100,029979	Asfalto	2_Alajuela
1362	27	221	1	100,0300031	Asfalto	2_Alajuela
1363	27	222	1	100,0300607	Asfalto	2_Alajuela
1364	27	223	1	100,0300031	Asfalto	2_Alajuela
1365	27	224	1	100,029979	Asfalto	2_Alajuela
1366	27	225	1	100,0300031	Asfalto	2_Alajuela
1367	27	226	1	100,0300607	Asfalto	2_Alajuela
1368	27	227	1	100,0300031	Asfalto	2_Alajuela
1369	27	228	1	100,029979	Asfalto	2_Alajuela
1370	27	229	1	100,0300229	Asfalto	2_Alajuela
1371	27	230	1	100,0299963	Asfalto	2_Alajuela
1372	27	230	1	100,0300438	Asfalto	2_Alajuela
1373	27	231	1	100,0299488	Asfalto	2_Alajuela
1374	27	232	1	100,0300628	Asfalto	2_Alajuela
1375	27	233	1	100,0299741	Asfalto	2_Alajuela
1376	27	234	1	100,0300416	Asfalto	2_Alajuela
1377	27	235	1	100,0300483	Asfalto	2_Alajuela
1378	27	195	0	100,0299986	Asfalto	2_Alajuela
1379	27	155	0	123,6174826	Asfalto	2_Alajuela
1380	27	156	0	100,0300483	Asfalto	2_Alajuela
1381	27	157	0	100,0300191	Asfalto	2_Alajuela
1382	27	158	0	100,0299644	Asfalto	2_Alajuela
1383	27	159	0	100,0300503	Asfalto	2_Alajuela
1384	27	160	0	100,0300165	Asfalto	2_Alajuela
1385	27	161	0	100,0299653	Asfalto	2_Alajuela
1386	27	162	0	100,0300361	Asfalto	2_Alajuela
1387	27	163	0	100,0300464	Asfalto	2_Alajuela
1388	27	164	0	100,0299213	Asfalto	2_Alajuela
1389	27	165	0	100,0300607	Asfalto	2_Alajuela
1390	27	166	0	100,0300031	Asfalto	2_Alajuela
1391	27	167	0	100,0300607	Asfalto	2_Alajuela
1392	27	168	0	100,0299213	Asfalto	2_Alajuela
1393	27	170	0	100,0300607	Asfalto	2_Alajuela
1394	27	171	0	100,0300031	Asfalto	2_Alajuela
1395	27	172	0	100,0300607	Asfalto	2_Alajuela
1396	27	173	0	100,0299213	Asfalto	2_Alajuela
1397	27	174	0	100,0300607	Asfalto	2_Alajuela
1398	27	175	0	100,0300031	Asfalto	2_Alajuela
1399	27	176	0	100,0300478	Asfalto	2_Alajuela
1400	27	177	0	100,0300181	Asfalto	2_Alajuela
1401	27	178	0	100,0299404	Asfalto	2_Alajuela
1402	27	179	0	100,0300147	Asfalto	2_Alajuela
1403	27	180	0	100,0300943	Asfalto	2_Alajuela
1404	27	181	0	100,0299709	Asfalto	2_Alajuela
1405	27	182	0	100,0300469	Asfalto	2_Alajuela
1406	27	183	0	100,0299658	Asfalto	2_Alajuela
1407	27	184	0	100,0300584	Asfalto	2_Alajuela
1408	27	185	0	100,0299526	Asfalto	2_Alajuela
1409	27	186	0	100,0300041	Asfalto	2_Alajuela
1410	27	187	0	100,0300041	Asfalto	2_Alajuela
1411	27	188	0	100,0300041	Asfalto	2_Alajuela
1412	27	189	0	100,0300239	Asfalto	2_Alajuela
1413	27	190	0	100,0300329	Asfalto	2_Alajuela
1414	27	191	0	100,0300147	Asfalto	2_Alajuela
1415	27	192	0	100,0300033	Asfalto	2_Alajuela
1416	27	193	0	100,029977	Asfalto	2_Alajuela
1417	27	194	0	100,0300588	Asfalto	2_Alajuela
1418	27	196	0	85,18671717	Asfalto	2_Alajuela
1419	27	273	1	100,0299765	Asfalto	2_Alajuela
1420	27	304	1	130,152914	Asfalto	2_Alajuela
1421	27	274	1	100,0300193	Asfalto	2_Alajuela
1422	27	275	1	100,0300786	Asfalto	2_Alajuela
1423	27	276	1	100,0299391	Asfalto	2_Alajuela
1424	27	277	1	100,030069	Asfalto	2_Alajuela
1425	27	278	1	100,0299761	Asfalto	2_Alajuela
1426	27	279	1	100,0300177	Asfalto	2_Alajuela
1427	27	280	1	100,0299695	Asfalto	2_Alajuela
1428	27	281	1	100,0300469	Asfalto	2_Alajuela
1429	27	282	1	100,0300043	Asfalto	2_Alajuela
1430	27	283	1	100,0300526	Asfalto	2_Alajuela
1431	27	284	1	100,03001	Asfalto	2_Alajuela
1432	27	285	1	100,0300015	Asfalto	2_Alajuela
1433	27	286	1	100,0300077	Asfalto	2_Alajuela
1434	27	287	1	100,0300141	Asfalto	2_Alajuela
1435	27	288	1	100,0300279	Asfalto	2_Alajuela
1436	27	289	1	100,0300017	Asfalto	2_Alajuela
1437	27	290	1	100,0300224	Asfalto	2_Alajuela
1438	27	291	1	100,0299423	Asfalto	2_Alajuela
1439	27	292	1	100,0300523	Asfalto	2_Alajuela
1440	27	293	1	100,0300159	Asfalto	2_Alajuela
1441	27	294	1	100,0300063	Asfalto	2_Alajuela
1442	27	295	1	100,0300444	Asfalto	2_Alajuela
1443	27	296	1	100,0300011	Asfalto	2_Alajuela
1444	27	297	1	100,029989	Asfalto	2_Alajuela
1445	27	298	1	100,0300254	Asfalto	2_Alajuela
1446	27	299	1	100,0300515	Asfalto	2_Alajuela
1447	27	300	1	100,0299338	Asfalto	2_Alajuela
1448	27	301	1	100,0300376	Asfalto	2_Alajuela
1449	27	302	1	100,0299915	Asfalto	2_Alajuela
1450	27	303	1	100,03	Asfalto	2_Alajuela
1451	27	271	0	100,0299622	Asfalto	2_Alajuela
1452	27	241	0	134,4474829	Asfalto	2_Alajuela
1453	27	242	0	100,0300052	Asfalto	2_Alajuela
1454	27	243	0	100,0300908	Asfalto	2_Alajuela
1455	27	244	0	100,029924	Asfalto	2_Alajuela
1456	27	245	0	100,030061	Asfalto	2_Alajuela
1457	27	246	0	100,0300402	Asfalto	2_Alajuela
1458	27	247	0	100,0299459	Asfalto	2_Alajuela
1459	27	248	0	100,0300315	Asfalto	2_Alajuela
1460	27	249	0	100,0299993	Asfalto	2_Alajuela
1461	27	250	0	100,0300299	Asfalto	2_Alajuela
1462	27	251	0	100,0299709	Asfalto	2_Alajuela
1463	27	252	0	100,0300585	Asfalto	2_Alajuela
1464	27	253	0	100,029984	Asfalto	2_Alajuela
1465	27	254	0	100,0300745	Asfalto	2_Alajuela
1466	27	255	0	100,0299566	Asfalto	2_Alajuela
1467	27	256	0	100,0300072	Asfalto	2_Alajuela
1468	27	257	0	100,0300838	Asfalto	2_Alajuela
1469	27	258	0	100,0299681	Asfalto	2_Alajuela
1470	27	259	0	100,0299938	Asfalto	2_Alajuela
1471	27	260	0	100,0300379	Asfalto	2_Alajuela
1472	27	261	0	100,03001	Asfalto	2_Alajuela
1473	27	262	0	100,0300252	Asfalto	2_Alajuela
1474	27	263	0	100,029961	Asfalto	2_Alajuela
1475	27	264	0	100,0300469	Asfalto	2_Alajuela
1476	27	265	0	100,0300188	Asfalto	2_Alajuela
1477	27	266	0	100,0299906	Asfalto	2_Alajuela
1478	27	267	0	100,030069	Asfalto	2_Alajuela
1479	27	268	0	100,0299391	Asfalto	2_Alajuela
1480	27	269	0	100,030069	Asfalto	2_Alajuela
1481	27	270	0	100,0299906	Asfalto	2_Alajuela
1482	27	272	0	97,01271349	Asfalto	2_Alajuela
1483	27	128	2	264,5789436	Asfalto	2_Alajuela
1484	27	27	2	273,408884	Asfalto	2_Alajuela
1485	27	112	2	193,2066365	Asfalto	2_Alajuela
1486	27	42	2	179,7405791	Asfalto	2_Alajuela
1487	27	131	2	590,5235023	Asfalto	2_Alajuela
1488	27	23	2	366,049161	Asfalto	2_Alajuela
1489	27	123	2	152,9975714	Asfalto	2_Alajuela
1490	27	32	2	483,0084843	Asfalto	2_Alajuela
1491	27	153	1	1000,300121	Asfalto	1_San Jose
1492	27	78	1	335,4910888	Asfalto	6_Puntarenas
1493	27	79	1	1000,300183	Asfalto	6_Puntarenas
1494	27	80	1	1000,300098	Asfalto	6_Puntarenas
1495	27	81	1	1000,300101	Asfalto	6_Puntarenas
1496	27	82	1	1000,300136	Asfalto	6_Puntarenas
1497	27	83	1	1000,300116	Asfalto	2_Alajuela
1498	27	84	1	1000,300103	Asfalto	2_Alajuela
1499	27	85	1	1000,300143	Asfalto	2_Alajuela
1500	27	86	1	1000,300083	Asfalto	2_Alajuela
1501	27	87	1	1000,300131	Asfalto	2_Alajuela
1502	27	88	1	1000,300172	Asfalto	2_Alajuela
1503	27	89	1	1000,300076	Asfalto	2_Alajuela
1504	27	90	1	1000,300154	Asfalto	2_Alajuela
1505	27	91	1	1000,300087	Asfalto	2_Alajuela
1506	27	92	1	1000,300098	Asfalto	2_Alajuela
1507	27	93	1	1000,300136	Asfalto	2_Alajuela
1508	27	94	1	1000,300096	Asfalto	2_Alajuela
1509	27	95	1	1000,300127	Asfalto	2_Alajuela
1510	27	96	1	1000,300162	Asfalto	2_Alajuela
1511	27	97	1	1000,300118	Asfalto	2_Alajuela
1512	27	98	1	1000,300149	Asfalto	2_Alajuela
1513	27	99	1	1000,300096	Asfalto	2_Alajuela
1514	27	100	1	1000,300094	Asfalto	2_Alajuela
1515	27	101	1	1000,300099	Asfalto	2_Alajuela
1516	27	102	1	1000,300134	Asfalto	2_Alajuela
1517	27	103	1	1000,300112	Asfalto	2_Alajuela
1518	27	104	1	1000,300192	Asfalto	2_Alajuela
1519	27	105	1	1000,300092	Asfalto	2_Alajuela
1520	27	106	1	1000,30008	Asfalto	2_Alajuela
1521	27	107	1	1000,300088	Asfalto	2_Alajuela
1522	27	108	1	1000,300156	Asfalto	2_Alajuela
1523	27	109	1	1000,300136	Asfalto	2_Alajuela
1524	27	110	1	1000,300145	Asfalto	2_Alajuela
1525	27	111	1	1000,300119	Asfalto	2_Alajuela
1526	27	112	1	1000,300091	Asfalto	2_Alajuela
1527	27	113	1	1000,300135	Asfalto	2_Alajuela
1528	27	114	1	1000,300088	Asfalto	2_Alajuela
1529	27	115	1	1000,300104	Asfalto	2_Alajuela
1530	27	116	1	1000,300072	Asfalto	2_Alajuela
1531	27	117	1	1000,300202	Asfalto	2_Alajuela
1532	27	118	1	1000,300103	Asfalto	2_Alajuela
1533	27	119	1	1000,300046	Asfalto	2_Alajuela
1534	27	120	1	1000,300162	Asfalto	2_Alajuela
1535	27	121	1	1000,300129	Asfalto	2_Alajuela
1536	27	122	1	1000,300097	Asfalto	2_Alajuela
1537	27	123	1	1000,300167	Asfalto	2_Alajuela
1538	27	124	1	1000,300069	Asfalto	2_Alajuela
1539	27	125	1	1000,300184	Asfalto	2_Alajuela
1540	27	126	1	1000,300085	Asfalto	2_Alajuela
1541	27	127	1	1000,300119	Asfalto	2_Alajuela
1542	27	128	1	1000,30006	Asfalto	2_Alajuela
1543	27	129	1	1000,300165	Asfalto	2_Alajuela
1544	27	130	1	1000,300114	Asfalto	2_Alajuela
1545	27	131	1	1000,300091	Asfalto	2_Alajuela
1546	27	132	1	1000,300188	Asfalto	2_Alajuela
1547	27	133	1	1000,300122	Asfalto	2_Alajuela
1548	27	134	1	1000,300041	Asfalto	2_Alajuela
1549	27	135	1	1000,300176	Asfalto	2_Alajuela
1550	27	136	1	1000,300088	Asfalto	2_Alajuela
1551	27	137	1	1000,300137	Asfalto	2_Alajuela
1552	27	138	1	1000,300105	Asfalto	2_Alajuela
1553	27	139	1	1000,300123	Asfalto	1_San Jose
1554	27	140	1	1000,300081	Asfalto	1_San Jose
1555	27	141	1	1000,300147	Asfalto	1_San Jose
1556	27	142	1	1000,300116	Asfalto	1_San Jose
1557	27	143	1	1000,300066	Asfalto	1_San Jose
1558	27	144	1	1000,300174	Asfalto	1_San Jose
1559	27	145	1	1000,300117	Asfalto	1_San Jose
1560	27	146	1	1000,300164	Asfalto	1_San Jose
1561	27	147	1	1000,300048	Asfalto	1_San Jose
1562	27	148	1	1000,300195	Asfalto	1_San Jose
1563	27	149	1	1000,300082	Asfalto	1_San Jose
1564	27	150	1	1000,300132	Asfalto	1_San Jose
1565	27	151	1	1000,300137	Asfalto	1_San Jose
1566	27	152	1	1000,300081	Asfalto	1_San Jose
1567	27	154	1	1000,300107	Asfalto	1_San Jose
1568	27	76	0	1000,300138	Asfalto	6_Puntarenas
1569	27	1	0	1000,300046	Asfalto	1_San Jose
1570	27	2	0	1000,300114	Asfalto	1_San Jose
1571	27	3	0	1000,300212	Asfalto	1_San Jose
1572	27	4	0	1000,300086	Asfalto	1_San Jose
1573	27	5	0	1000,300101	Asfalto	1_San Jose
1574	27	6	0	1000,30014	Asfalto	1_San Jose
1575	27	7	0	1000,300146	Asfalto	1_San Jose
1576	27	8	0	1000,30008	Asfalto	1_San Jose
1577	27	9	0	1000,300166	Asfalto	1_San Jose
1578	27	10	0	1000,300092	Asfalto	1_San Jose
1579	27	11	0	1000,300095	Asfalto	1_San Jose
1580	27	12	0	1000,300109	Asfalto	1_San Jose
1581	27	13	0	1000,300124	Asfalto	1_San Jose
1582	27	14	0	1000,300114	Asfalto	1_San Jose
1583	27	15	0	1000,300145	Asfalto	1_San Jose
1584	27	16	0	1000,30007	Asfalto	1_San Jose
1585	27	17	0	1000,300165	Asfalto	2_Alajuela
1586	27	18	0	1000,300187	Asfalto	2_Alajuela
1587	27	19	0	1000,300051	Asfalto	2_Alajuela
1588	27	20	0	1000,300121	Asfalto	2_Alajuela
1589	27	21	0	1000,300178	Asfalto	2_Alajuela
1590	27	22	0	1000,300049	Asfalto	2_Alajuela
1591	27	23	0	1000,300193	Asfalto	2_Alajuela
1592	27	24	0	1000,300081	Asfalto	2_Alajuela
1593	27	25	0	1000,300141	Asfalto	2_Alajuela
1594	27	26	0	1000,30007	Asfalto	2_Alajuela
1595	27	27	0	1000,300121	Asfalto	2_Alajuela
1596	27	28	0	1000,300182	Asfalto	2_Alajuela
1597	27	29	0	1000,300106	Asfalto	2_Alajuela
1598	27	30	0	1000,300067	Asfalto	2_Alajuela
1599	27	31	0	1000,30009	Asfalto	2_Alajuela
1600	27	32	0	1000,300123	Asfalto	2_Alajuela
1601	27	33	0	1000,300177	Asfalto	2_Alajuela
1602	27	34	0	1000,300019	Asfalto	2_Alajuela
1603	27	35	0	1000,300141	Asfalto	2_Alajuela
1604	27	36	0	1000,30019	Asfalto	2_Alajuela
1605	27	37	0	1000,300057	Asfalto	2_Alajuela
1606	27	38	0	1000,300184	Asfalto	2_Alajuela
1607	27	39	0	1000,300044	Asfalto	2_Alajuela
1608	27	40	0	1000,300117	Asfalto	2_Alajuela
1609	27	41	0	1000,300232	Asfalto	2_Alajuela
1610	27	42	0	1000,300099	Asfalto	2_Alajuela
1611	27	43	0	1000,300116	Asfalto	2_Alajuela
1612	27	44	0	1000,300149	Asfalto	2_Alajuela
1613	27	45	0	1000,300092	Asfalto	2_Alajuela
1614	27	46	0	1000,300124	Asfalto	2_Alajuela
1615	27	47	0	1000,300021	Asfalto	2_Alajuela
1616	27	48	0	1000,300154	Asfalto	2_Alajuela
1617	27	49	0	1000,300178	Asfalto	2_Alajuela
1618	27	50	0	1000,300141	Asfalto	2_Alajuela
1619	27	51	0	1000,300055	Asfalto	2_Alajuela
1620	27	52	0	1000,300092	Asfalto	2_Alajuela
1621	27	53	0	1000,300151	Asfalto	2_Alajuela
1622	27	54	0	1000,300104	Asfalto	2_Alajuela
1623	27	55	0	1000,300118	Asfalto	2_Alajuela
1624	27	56	0	1000,300146	Asfalto	2_Alajuela
1625	27	57	0	1000,300123	Asfalto	2_Alajuela
1626	27	58	0	1000,300176	Asfalto	2_Alajuela
1627	27	59	0	1000,300078	Asfalto	2_Alajuela
1628	27	60	0	1000,300113	Asfalto	2_Alajuela
1629	27	61	0	1000,300122	Asfalto	2_Alajuela
1630	27	62	0	1000,300104	Asfalto	2_Alajuela
1631	27	63	0	1000,300147	Asfalto	2_Alajuela
1632	27	64	0	1000,300059	Asfalto	2_Alajuela
1633	27	65	0	1000,300147	Asfalto	2_Alajuela
1634	27	66	0	1000,300091	Asfalto	2_Alajuela
1635	27	67	0	1000,300122	Asfalto	2_Alajuela
1636	27	68	0	1000,300192	Asfalto	2_Alajuela
1637	27	69	0	1000,300058	Asfalto	2_Alajuela
1638	27	70	0	1000,300122	Asfalto	2_Alajuela
1639	27	71	0	1000,30012	Asfalto	2_Alajuela
1640	27	72	0	1000,300118	Asfalto	2_Alajuela
1641	27	73	0	1000,300124	Asfalto	6_Puntarenas
1642	27	74	0	1000,300201	Asfalto	6_Puntarenas
1643	27	75	0	1000,300053	Asfalto	6_Puntarenas
1644	27	77	0	308,8944324	Asfalto	6_Puntarenas
1645	35	15	0	4952,391284	Asfalto	2_Alajuela
1646	35	29	1	5770,830247	Asfalto	2_Alajuela
1647	35	1	0	182,9496579	Asfalto	2_Alajuela
1648	35	2	0	5772,233574	Asfalto	2_Alajuela
1649	35	3	0	1445,852058	Asfalto	2_Alajuela
1650	35	4	0	1115,07304	Asfalto	2_Alajuela
1651	35	5	0	2221,931427	Asfalto	2_Alajuela
1652	35	6	0	313,4608546	Asfalto	2_Alajuela
1653	35	7	0	505,2542587	Asfalto	2_Alajuela
1654	35	8	0	2422,948864	Asfalto	2_Alajuela
1655	35	9	0	196,8301453	Asfalto	2_Alajuela
1656	35	10	0	5621,731931	Asfalto	2_Alajuela
1657	35	11	0	2402,281727	Asfalto	2_Alajuela
1658	35	12	0	1301,333557	Asfalto	2_Alajuela
1659	35	13	0	3819,113744	Asfalto	2_Alajuela
1660	35	14	0	2675,883664	Asfalto	2_Alajuela
1661	35	16	1	4948,975405	Asfalto	2_Alajuela
1662	35	17	1	2626,170523	Asfalto	2_Alajuela
1663	35	18	1	3824,067276	Asfalto	2_Alajuela
1664	35	19	1	1302,668132	Asfalto	2_Alajuela
1665	35	20	1	2400,36722	Asfalto	2_Alajuela
1666	35	21	1	5624,562138	Asfalto	2_Alajuela
1667	35	22	1	181,0084089	Asfalto	2_Alajuela
1668	35	23	1	2437,819946	Asfalto	2_Alajuela
1669	35	24	1	513,6179092	Asfalto	2_Alajuela
1670	35	25	1	321,2133539	Asfalto	2_Alajuela
1671	35	26	1	2206,220775	Asfalto	2_Alajuela
1672	35	27	1	1113,354155	Asfalto	2_Alajuela
1673	35	28	1	1453,518749	Asfalto	2_Alajuela
1674	35	30	1	195,3535585	Asfalto	2_Alajuela
1675	1	40040	0	3466,73882	Asfalto	4_Heredia
1676	1	19002	0	2494,666604	Asfalto	1_San Jose
1677	1	50050	0	27177,91143	Asfalto	5_Guanacaste
1678	1	40710	0	3061,044004	Asfalto	4_Heredia
1679	1	20000	0	3184,94899	Asfalto	2_Alajuela
1680	1	20010	0	11845,22747	Asfalto	2_Alajuela
1681	1	20020	0	7126,716613	Asfalto	2_Alajuela
1682	1	20031	0	8091,185394	Asfalto	2_Alajuela
1683	1	20040	0	4244,133014	Asfalto	2_Alajuela
1684	1	20050	0	4830,235835	Asfalto	2_Alajuela
1685	1	20060	0	18463,55358	Asfalto	2_Alajuela
1686	1	60200	0	11657,64643	Asfalto	6_Puntarenas
1687	1	60210	0	4460,521841	Asfalto	6_Puntarenas
1688	1	60220	0	4854,401297	Asfalto	6_Puntarenas
1689	1	50000	0	12716,80422	Asfalto	5_Guanacaste
1690	1	60230	0	11051,57667	Asfalto	6_Puntarenas
1691	1	60240	0	19151,93956	Asfalto	6_Puntarenas
1692	1	50010	0	11432,57391	Asfalto	5_Guanacaste
1693	1	50020	0	9208,622708	Concreto	5_Guanacaste
1694	1	51120	0	12695,29983	Concreto	5_Guanacaste
1695	1	50030	0	16384,31787	Concreto	5_Guanacaste
1696	1	51130	0	9220,628237	Concreto	5_Guanacaste
1697	1	50060	0	18980,4894	Asfalto	5_Guanacaste
1698	1	19003	0	3105,935771	Asfalto	1_San Jose
1699	1	20032	0	5122,953236	Asfalto	2_Alajuela
1700	149	70102	2	1322,164503	Asfalto	7_Limon
1701	149	70101	2	1260,761368	Asfalto	7_Limon
1702	170	21042	2	4951,72589	Lastre	2_Alajuela
1703	170	50250	2	9560,00046	Lastre	5_Guanacaste
1704	170	21041	2	8201,159155	Lastre	2_Alajuela
1705	175	19112	2	1465,576522	Asfalto	1_San Jose
1706	175	19113	2	499,8647955	Asfalto	1_San Jose
1707	175	19114	2	369,0705405	Asfalto	1_San Jose
1708	176	19118	2	1805,446977	Asfalto	1_San Jose
1709	176	19119	2	205,0981654	TS	1_San Jose
1710	248	70382	2	12276,06321	Asfalto	7_Limon
1711	248	70350	2	11583,04579	Asfalto	7_Limon
1712	248	70322	2	6504,949814	Lastre	7_Limon
1713	248	70321	2	7273,426241	Asfalto	7_Limon
1714	248	70381	2	2214,611538	Asfalto	7_Limon
1715	318	10091	2	12682,96571	Lastre	1_San Jose
1716	318	10092	2	3393,173721	Lastre	1_San Jose
1717	318	60510	2	2023,146323	Lastre	6_Puntarenas
1718	751	20992	2	8834,747645	Lastre	2_Alajuela
1719	751	20994	2	3958,094926	Asfalto	2_Alajuela
1720	751	20991	2	6345,48778	Lastre	2_Alajuela
1721	752	21142	2	7692,639826	Lastre	2_Alajuela
1722	752	21143	2	7213,810254	TS	2_Alajuela
1723	753	21091	2	11040,93148	Lastre	2_Alajuela
1724	753	21092	2	6790,159382	Lastre	2_Alajuela
1725	755	20272	2	5012,861557	TS	2_Alajuela
1726	755	20271	2	4352,139611	TS	2_Alajuela
1727	755	60470	2	1858,901282	Asfalto	6_Puntarenas
1728	756	60571	2	5277,541789	Asfalto	6_Puntarenas
1729	756	21820	2	439,9872157	Asfalto	2_Alajuela
1730	756	60572	2	4235,129481	Asfalto	6_Puntarenas
1731	757	20712	2	6093,133252	TS	2_Alajuela
1732	757	20711	2	5705,964784	Asfalto	2_Alajuela
1733	35	21860	2	7575,53193	TS	2_Alajuela
1734	1	20010	1	11846,86633	Asfalto	2_Alajuela
1735	1	19002	1	2485,07591	Asfalto	1_San Jose
1736	1	20020	1	89,77234963	Asfalto	2_Alajuela
1737	1	20000	1	3204,65166	Asfalto	2_Alajuela
1738	1	40710	1	3049,616912	Asfalto	4_Heredia
1739	1	40040	1	3474,425499	Asfalto	4_Heredia
1740	1	19003	1	3100,695998	Asfalto	1_San Jose
1741	1	50020	1	9196,540416	Concreto	5_Guanacaste
1742	1	51120	1	12697,15773	Concreto	5_Guanacaste
1743	1	50030	1	16366,11463	Concreto	5_Guanacaste
1744	1	51130	1	9225,919335	Concreto	5_Guanacaste
1745	148	21730	2	4349,512394	TS	2_Alajuela
1746	143	21163	2	1544,946787	TS	2_Alajuela
1747	927	50922	2	2796,055149	TS	5_Guanacaste
1748	927	50922	2	408,7500916	Lastre	5_Guanacaste
